customer_id,tenure_months,monthly_charges,total_charges,contract_type,tech_support,city,signup_date,region_code,satisfaction,notes,churned
CUS000000,68,$67.22,4570.96,Month-to-month, Yes ,City_55,2021-06-08,APAC,1.0,free text note number 0 about this particular customer,1
CUS000001,45,$81.51,3667.95,Month-to-month,No,City_61,2021-03-11,APAC,4.0,free text note number 1 about this particular customer,1
CUS000002,49,$88.60,4341.4,Two year, Yes ,City_27,2023-02-03,APAC,4.0,free text note number 2 about this particular customer,1
CUS000003,64,$59.07,3780.48,Two year,Yes,City_15,2020-05-08,APAC,4.0,free text note number 3 about this particular customer,0
CUS000004,42,$77.68,3262.56,Month-to-month,Yes,City_24,2020-05-01,APAC,3.0,free text note number 4 about this particular customer,1
CUS000005,56,$63.05,inf,Month-to-month,Yes,City_56,2021-06-25,APAC,5.0,free text note number 5 about this particular customer,1
CUS000006,60,$73.01,4380.6,Month-to-month,No,City_35,2020-07-04,APAC,4.0,free text note number 6 about this particular customer,1
CUS000007,16,$66.70,1067.2,Two year,No,City_60,2021-05-24,APAC,3.0,free text note number 7 about this particular customer,1
CUS000008,4,$41.46,165.84,Month-to-month,no,City_12,2023-04-04,APAC,2.0,free text note number 8 about this particular customer,1
CUS000009,22,$69.47,1528.34,One year,No,City_8,2021-11-18,APAC,1.0,free text note number 9 about this particular customer,1
CUS000010,21,$91.93,1930.53,Month-to-month,No,City_49,2022-10-01,APAC,4.0,free text note number 10 about this particular customer,1
CUS000011,63,$45.82,2886.66,Month-to-month,No,City_45,2022-09-13,APAC,3.0,free text note number 11 about this particular customer,1
CUS000012,65,$63.97,4158.05,Month-to-month,No,City_46,2022-03-30,APAC,5.0,free text note number 12 about this particular customer,1
CUS000013,1,$86.62,86.62,One year,No,City_47,2023-10-24,APAC,3.0,free text note number 13 about this particular customer,1
CUS000014,36,$43.25,1557.0,Month-to-month,No,City_53,2022-09-09,APAC,3.0,free text note number 14 about this particular customer,1
CUS000015,59,$74.57,4399.63,Two year,No,City_77,2023-05-11,APAC,5.0,free text note number 15 about this particular customer,0
CUS000016,10,$43.50,435.0,One year,no,City_25,2023-11-23,APAC,3.0,free text note number 16 about this particular customer,1
CUS000017,57,$98.37,5607.09,Month-to-month, Yes ,City_23,2022-05-10,APAC,,free text note number 17 about this particular customer,1
CUS000018,9,$127.82,1150.38,Month-to-month,No,City_20,2021-03-27,APAC,4.0,free text note number 18 about this particular customer,1
CUS000019,34,$120.56,4099.04,One year,Yes,City_36,2021-06-26,APAC,,free text note number 19 about this particular customer,1
CUS000020,58,$64.52,3742.16,One year,no,City_39,2020-01-13,APAC,2.0,free text note number 20 about this particular customer,0
CUS000021,22,$88.50,1947.0,N/A,No,City_74,2020-09-12,APAC,1.0,free text note number 21 about this particular customer,1
CUS000022,25,$73.02,1825.5,Month-to-month, Yes ,City_13,2020-12-19,APAC,1.0,free text note number 22 about this particular customer,1
CUS000023,20,$72.55,1451.0,Month-to-month,no,City_10,2022-06-05,APAC,5.0,free text note number 23 about this particular customer,1
CUS000024,52,$108.69,5651.88,Two year,No,City_65,2020-05-01,APAC,3.0,free text note number 24 about this particular customer,1
CUS000025,19,$37.02,703.38,Month-to-month,no,City_71,2020-04-05,APAC,4.0,free text note number 25 about this particular customer,1
CUS000026,71,$96.38,6842.98,Two year,No,City_3,2020-06-16,APAC,4.0,free text note number 26 about this particular customer,0
CUS000027,32,$68.78,2200.96,One year,no,City_29,2020-03-21,APAC,,free text note number 27 about this particular customer,0
CUS000028,34,$105.21,3577.14,One year,no,City_45,2023-08-03,APAC,5.0,free text note number 28 about this particular customer,1
CUS000029,36,$74.68,2688.48,Month-to-month,No,City_27,2022-08-21,APAC,3.0,free text note number 29 about this particular customer,1
CUS000030,42,$53.18,2233.56,One year, Yes ,City_12,2022-07-21,APAC,2.0,free text note number 30 about this particular customer,0
CUS000031,40,$76.93,3077.2,Month-to-month,No,City_79,2020-09-03,APAC,3.0,free text note number 31 about this particular customer,1
CUS000032,37,$88.40,3270.8,One year,No,City_10,2022-03-30,APAC,3.0,free text note number 32 about this particular customer,0
CUS000033,71,$70.89,5033.19,Month-to-month,No,City_31,2023-06-26,APAC,3.0,free text note number 33 about this particular customer,1
CUS000034,58,$82.20,4767.6,Month-to-month,No,City_50,2021-03-03,APAC,4.0,free text note number 34 about this particular customer,1
CUS000035,57,$56.96,,Two year,no,City_19,2022-10-01,APAC,5.0,free text note number 35 about this particular customer,0
CUS000036,50,$16.65,832.5,Month-to-month,No,City_58,2021-11-26,APAC,5.0,free text note number 36 about this particular customer,1
CUS000037,45,$92.50,4162.5,Two year,no,City_16,2022-02-25,APAC,2.0,free text note number 37 about this particular customer,0
CUS000038,25,$87.48,2187.0,Two year,no,City_76,2022-11-09,APAC,2.0,free text note number 38 about this particular customer,1
CUS000039,71,$73.70,5232.7,One year,No,City_55,2023-11-05,APAC,4.0,free text note number 39 about this particular customer,0
CUS000040,34,$71.71,2438.14,Month-to-month, Yes ,City_77,2021-07-31,APAC,4.0,free text note number 40 about this particular customer,1
CUS000041,16,$95.91,1534.56,One year,no,City_50,2020-07-16,APAC,5.0,free text note number 41 about this particular customer,1
CUS000042,61,$58.57,3572.77,One year,no,City_22,2023-08-09,APAC,,free text note number 42 about this particular customer,0
CUS000043,12,$52.34,628.08,Month-to-month,Yes,City_19,2021-04-09,APAC,3.0,free text note number 43 about this particular customer,1
CUS000044,61,$65.29,3982.69,Two year,Yes,City_47,2023-10-21,APAC,1.0,free text note number 44 about this particular customer,0
CUS000045,44,$99.73,4388.12,Month-to-month,No,City_39,2022-01-31,APAC,3.0,free text note number 45 about this particular customer,1
CUS000046,9,$35.32,317.88,Month-to-month,No,City_74,2021-02-01,APAC,3.0,free text note number 46 about this particular customer,1
CUS000047,4,$99.80,399.2,Month-to-month,no,City_22,2023-12-19,APAC,2.0,free text note number 47 about this particular customer,1
CUS000048,32,$54.02,1728.64,Month-to-month,No,City_21,2020-09-17,APAC,4.0,free text note number 48 about this particular customer,1
CUS000049,3,$42.48,127.44,One year,no,City_66,2020-04-28,APAC,4.0,free text note number 49 about this particular customer,1
CUS000050,11,$101.50,1116.5,Two year,Yes,City_62,2021-01-13,APAC,4.0,free text note number 50 about this particular customer,1
CUS000051,37,$67.58,2500.46,Month-to-month,No,City_28,2022-06-21,APAC,5.0,free text note number 51 about this particular customer,1
CUS000052,69,$37.49,2586.81,Month-to-month, Yes ,City_41,2023-02-05,APAC,4.0,free text note number 52 about this particular customer,1
CUS000053,34,$61.03,2075.02,One year,no,City_49,2023-10-11,APAC,5.0,free text note number 53 about this particular customer,0
CUS000054,58,$93.28,5410.24,Month-to-month,No,City_67,2022-10-03,APAC,5.0,free text note number 54 about this particular customer,1
CUS000055,66,$99.80,,Month-to-month,No,City_73,2020-08-05,APAC,4.0,free text note number 55 about this particular customer,1
CUS000056,59,$59.32,3499.88,Two year,No,City_37,2022-03-01,APAC,4.0,free text note number 56 about this particular customer,1
CUS000057,45,$80.16,3607.2,Two year,No,City_19,2022-11-22,APAC,3.0,free text note number 57 about this particular customer,0
CUS000058,32,$87.85,2811.2,Two year,No,City_6,2023-07-25,APAC,3.0,free text note number 58 about this particular customer,1
CUS000059,37,$53.88,1993.56,One year, Yes ,City_76,2022-11-02,APAC,4.0,free text note number 59 about this particular customer,0
CUS000060,19,$78.88,1498.72,Month-to-month,no,City_61,2023-04-20,APAC,4.0,free text note number 60 about this particular customer,1
CUS000061,36,$69.20,2491.2,Month-to-month,No,City_38,2021-06-24,APAC,3.0,free text note number 61 about this particular customer,1
CUS000062,27,$56.60,1528.2,One year,No,City_65,2021-08-12,APAC,4.0,free text note number 62 about this particular customer,0
CUS000063,18,$57.70,1038.6,Two year, Yes ,City_51,2022-03-14,APAC,4.0,free text note number 63 about this particular customer,0
CUS000064,71,$71.68,5089.28,Month-to-month,No,City_42,2020-12-07,APAC,2.0,free text note number 64 about this particular customer,0
CUS000065,1,$70.75,70.75,Month-to-month,no,City_21,2023-11-03,APAC,4.0,free text note number 65 about this particular customer,1
CUS000066,7,$55.86,,Month-to-month,no,City_14,2023-01-02,APAC,3.0,free text note number 66 about this particular customer,1
CUS000067,14,$59.35,,Month-to-month,no,City_55,2021-12-02,APAC,,free text note number 67 about this particular customer,1
CUS000068,69,$97.83,6750.27,Month-to-month,Yes,City_10,2021-09-20,APAC,5.0,free text note number 68 about this particular customer,1
CUS000069,50,$75.35,,Month-to-month, Yes ,City_57,2021-11-15,APAC,2.0,free text note number 69 about this particular customer,1
CUS000070,63,$92.13,5804.19,N/A, Yes ,City_30,2020-02-01,APAC,3.0,free text note number 70 about this particular customer,1
CUS000071,15,$100.05,1500.75,Month-to-month,Yes,City_47,2022-04-26,APAC,4.0,free text note number 71 about this particular customer,1
CUS000072,52,$84.72,4405.44,One year,No,City_2,2023-07-26,APAC,2.0,free text note number 72 about this particular customer,0
CUS000073,27,$126.77,3422.79,Month-to-month,Yes,City_69,2020-02-17,APAC,5.0,free text note number 73 about this particular customer,1
CUS000074,35,$49.37,1727.95,One year,No,City_52,2024-01-02,APAC,4.0,free text note number 74 about this particular customer,1
CUS000075,1,$90.21,90.21,One year,no,City_37,2023-04-29,APAC,,free text note number 75 about this particular customer,1
CUS000076,44,$62.05,2730.2,Two year,no,City_41,2020-08-12,APAC,3.0,free text note number 76 about this particular customer,0
CUS000077,59,$116.39,6867.01,N/A,no,City_1,2020-03-17,APAC,4.0,free text note number 77 about this particular customer,1
CUS000078,48,$112.51,5400.48,Two year,Yes,City_68,2022-12-19,APAC,4.0,free text note number 78 about this particular customer,1
CUS000079,11,$21.14,232.54,Month-to-month,Yes,City_73,2024-01-08,APAC,4.0,free text note number 79 about this particular customer,1
CUS000080,38,$45.78,1739.64,N/A,no,City_77,2021-06-24,APAC,,free text note number 80 about this particular customer,1
CUS000081,19,$86.61,1645.59,Two year,Yes,City_45,2023-12-26,APAC,3.0,free text note number 81 about this particular customer,1
CUS000082,69,$89.75,6192.75,Month-to-month,Yes,City_71,2024-02-06,APAC,2.0,free text note number 82 about this particular customer,1
CUS000083,63,$88.41,5569.83,Month-to-month,Yes,City_49,2023-05-12,APAC,5.0,free text note number 83 about this particular customer,1
CUS000084,14,$68.23,955.22,One year,no,City_79,2023-09-26,APAC,2.0,free text note number 84 about this particular customer,1
CUS000085,37,$81.38,3011.06,Month-to-month,No,City_47,2023-09-05,APAC,4.0,free text note number 85 about this particular customer,1
CUS000086,67,$86.33,5784.11,Month-to-month,no,City_27,2020-01-06,APAC,,free text note number 86 about this particular customer,1
CUS000087,61,$68.05,4151.05,Month-to-month,No,City_3,2022-07-12,APAC,5.0,free text note number 87 about this particular customer,1
CUS000088,51,$95.68,4879.68,Month-to-month,no,City_9,2020-02-02,APAC,4.0,free text note number 88 about this particular customer,1
CUS000089,46,$15.00,690.0,One year,no,City_23,2021-04-03,APAC,1.0,free text note number 89 about this particular customer,0
CUS000090,3,$85.84,257.52,Two year,no,City_56,2020-07-07,APAC,,free text note number 90 about this particular customer,1
CUS000091,53,$44.15,2339.95,Two year,Yes,City_7,2022-06-24,APAC,3.0,free text note number 91 about this particular customer,0
CUS000092,34,$93.97,3194.98,Month-to-month,No,City_12,2023-01-13,APAC,3.0,free text note number 92 about this particular customer,1
CUS000093,7,$64.28,449.96,Month-to-month,No,City_51,2022-10-15,APAC,1.0,free text note number 93 about this particular customer,1
CUS000094,18,$47.78,860.04,Month-to-month,No,City_57,2020-12-25,APAC,2.0,free text note number 94 about this particular customer,1
CUS000095,39,$79.35,3094.65,Month-to-month,no,City_68,2020-07-31,APAC,1.0,free text note number 95 about this particular customer,1
CUS000096,52,$47.22,2455.44,Month-to-month,no,City_54,2020-03-31,APAC,4.0,free text note number 96 about this particular customer,1
CUS000097,37,$47.18,1745.66,One year,No,City_52,2023-03-08,APAC,3.0,free text note number 97 about this particular customer,1
CUS000098,44,$30.82,1356.08,One year,Yes,City_30,2022-03-21,APAC,3.0,free text note number 98 about this particular customer,0
CUS000099,62,$69.33,4298.46,One year,no,City_65,2021-03-31,APAC,5.0,free text note number 99 about this particular customer,0
CUS000100,49,$82.42,4038.58,One year,No,City_51,2021-04-14,APAC,1.0,free text note number 100 about this particular customer,1
CUS000101,26,$95.58,2485.08,One year,Yes,City_26,2022-02-07,APAC,3.0,free text note number 101 about this particular customer,1
CUS000102,46,$66.46,3057.16,One year,Yes,City_14,2021-07-20,APAC,5.0,free text note number 102 about this particular customer,0
CUS000103,43,$96.20,4136.6,Two year,Yes,City_2,2021-02-03,APAC,5.0,free text note number 103 about this particular customer,1
CUS000104,8,$70.45,563.6,Two year,Yes,City_75,2021-05-07,APAC,4.0,free text note number 104 about this particular customer,1
CUS000105,5,$67.67,338.35,Two year,Yes,City_32,2021-02-27,APAC,4.0,free text note number 105 about this particular customer,1
CUS000106,47,$84.34,,Two year,Yes,City_73,2023-12-17,APAC,2.0,free text note number 106 about this particular customer,1
CUS000107,28,$96.46,2700.88,Month-to-month,Yes,City_13,2023-08-07,APAC,3.0,free text note number 107 about this particular customer,1
CUS000108,43,$61.46,2642.78,Month-to-month,Yes,City_11,2022-10-28,APAC,4.0,free text note number 108 about this particular customer,1
CUS000109,23,$63.91,1469.93,One year,No,City_24,2023-03-01,APAC,5.0,free text note number 109 about this particular customer,1
CUS000110,17,$65.98,1121.66,Month-to-month,Yes,City_16,2020-04-28,APAC,4.0,free text note number 110 about this particular customer,1
CUS000111,11,$72.07,792.77,One year,Yes,City_19,2020-04-03,APAC,5.0,free text note number 111 about this particular customer,1
CUS000112,28,$47.49,1329.72,Month-to-month,No,City_6,2020-09-10,APAC,4.0,free text note number 112 about this particular customer,1
CUS000113,58,$95.70,5550.6,Month-to-month,no,City_14,2023-03-02,APAC,5.0,free text note number 113 about this particular customer,1
CUS000114,29,$59.99,1739.71,Month-to-month,no,City_10,2023-05-26,APAC,,free text note number 114 about this particular customer,1
CUS000115,27,$81.56,2202.12,Month-to-month,No,City_55,2023-10-19,APAC,2.0,free text note number 115 about this particular customer,1
CUS000116,41,$49.36,2023.76,Month-to-month,Yes,City_68,2020-05-12,APAC,2.0,free text note number 116 about this particular customer,1
CUS000117,70,$78.97,5527.9,Month-to-month,Yes,City_47,2022-11-21,APAC,,free text note number 117 about this particular customer,1
CUS000118,28,$79.79,2234.12,Two year,No,City_43,2020-01-29,APAC,3.0,free text note number 118 about this particular customer,1
CUS000119,42,$59.48,2498.16,Month-to-month,No,City_65,2022-11-04,APAC,3.0,free text note number 119 about this particular customer,1
CUS000120,32,$120.52,3856.64,Month-to-month,No,City_71,2021-02-21,APAC,3.0,free text note number 120 about this particular customer,1
CUS000121,43,$79.28,3409.04,Two year,no,City_78,2021-01-31,APAC,5.0,free text note number 121 about this particular customer,1
CUS000122,32,$114.42,3661.44,One year,No,City_73,2020-08-09,APAC,1.0,free text note number 122 about this particular customer,1
CUS000123,46,$93.98,4323.08,Month-to-month,no,City_19,2022-11-14,APAC,3.0,free text note number 123 about this particular customer,1
CUS000124,39,$53.44,,Month-to-month,Yes,City_37,2022-11-06,APAC,3.0,free text note number 124 about this particular customer,1
CUS000125,49,$60.45,2962.05,One year,Yes,City_75,2021-07-22,APAC,1.0,free text note number 125 about this particular customer,1
CUS000126,68,$80.90,5501.2,Month-to-month,Yes,City_76,2020-10-16,APAC,3.0,free text note number 126 about this particular customer,1
CUS000127,11,$71.53,786.83,Month-to-month,No,City_61,2023-10-16,APAC,5.0,free text note number 127 about this particular customer,1
CUS000128,40,$71.24,2849.6,One year,No,City_62,2021-03-20,APAC,1.0,free text note number 128 about this particular customer,1
CUS000129,32,$62.84,2010.88,Month-to-month,Yes,City_45,2022-11-22,APAC,3.0,free text note number 129 about this particular customer,1
CUS000130,26,$24.79,644.54,Month-to-month,Yes,City_77,2021-06-26,APAC,4.0,free text note number 130 about this particular customer,1
CUS000131,18,$64.36,,One year,No,City_77,2021-04-29,APAC,4.0,free text note number 131 about this particular customer,1
CUS000132,4,$15.00,60.0,One year,Yes,City_58,2021-09-25,APAC,5.0,free text note number 132 about this particular customer,1
CUS000133,29,$79.30,2299.7,Month-to-month,Yes,City_40,2023-08-18,APAC,3.0,free text note number 133 about this particular customer,1
CUS000134,59,$51.85,3059.15,Month-to-month,No,City_1,2021-04-29,APAC,2.0,free text note number 134 about this particular customer,1
CUS000135,7,$52.11,364.77,Month-to-month, Yes ,City_2,2023-03-07,APAC,3.0,free text note number 135 about this particular customer,1
CUS000136,29,$64.52,1871.08,Two year,No,City_7,2023-04-07,APAC,5.0,free text note number 136 about this particular customer,1
CUS000137,69,$76.82,,Month-to-month,no,City_9,2020-10-28,APAC,3.0,free text note number 137 about this particular customer,1
CUS000138,68,$34.20,2325.6,Month-to-month,No,City_23,2022-05-30,APAC,3.0,free text note number 138 about this particular customer,1
CUS000139,16,$26.28,420.48,Month-to-month,No,City_25,2020-11-18,APAC,5.0,free text note number 139 about this particular customer,1
CUS000140,1,$43.35,43.35,One year,Yes,City_21,2020-03-21,APAC,4.0,free text note number 140 about this particular customer,1
CUS000141,48,$18.96,910.08,Two year,Yes,City_55,2020-01-20,APAC,2.0,free text note number 141 about this particular customer,0
CUS000142,2,$45.83,91.66,Month-to-month,no,City_18,2021-10-05,APAC,3.0,free text note number 142 about this particular customer,1
CUS000143,22,$109.77,2414.94,Two year,No,City_45,2023-02-28,APAC,,free text note number 143 about this particular customer,1
CUS000144,36,$43.59,1569.24,One year,Yes,City_62,2020-12-21,APAC,1.0,free text note number 144 about this particular customer,1
CUS000145,63,$86.29,5436.27,Month-to-month, Yes ,City_54,2020-05-08,APAC,5.0,free text note number 145 about this particular customer,1
CUS000146,7,$35.71,249.97,Two year,no,City_4,2021-10-08,APAC,3.0,free text note number 146 about this particular customer,1
CUS000147,48,$77.48,3719.04,Month-to-month,Yes,City_1,2021-02-17,APAC,4.0,free text note number 147 about this particular customer,1
CUS000148,38,$62.01,2356.38,One year,No,City_43,2020-10-18,APAC,2.0,free text note number 148 about this particular customer,1
CUS000149,10,$68.50,685.0,Month-to-month,No,City_19,2023-01-09,APAC,4.0,free text note number 149 about this particular customer,1
CUS000150,61,$84.22,5137.42,Month-to-month,Yes,City_0,2020-04-01,APAC,5.0,free text note number 150 about this particular customer,1
CUS000151,61,$113.91,6948.51,Month-to-month,No,City_44,2021-04-03,APAC,1.0,free text note number 151 about this particular customer,1
CUS000152,35,$74.87,2620.45,Two year,Yes,City_14,2023-06-17,APAC,,free text note number 152 about this particular customer,0
CUS000153,68,$73.11,4971.48,Two year,no,City_52,2021-03-04,APAC,2.0,free text note number 153 about this particular customer,0
CUS000154,44,$45.67,2009.48,Month-to-month,Yes,City_46,2021-09-15,APAC,1.0,free text note number 154 about this particular customer,1
CUS000155,65,$84.58,,Month-to-month, Yes ,City_34,2020-04-09,APAC,5.0,free text note number 155 about this particular customer,1
CUS000156,69,$63.85,4405.65,Month-to-month,Yes,City_37,2020-08-17,APAC,4.0,free text note number 156 about this particular customer,1
CUS000157,41,$90.80,3722.8,Month-to-month,No,City_17,2020-03-16,APAC,1.0,free text note number 157 about this particular customer,1
CUS000158,20,$68.91,1378.2,Two year,Yes,City_10,2022-02-05,APAC,4.0,free text note number 158 about this particular customer,1
CUS000159,11,$113.52,1248.72,One year, Yes ,City_24,2022-05-07,APAC,4.0,free text note number 159 about this particular customer,1
CUS000160,40,$20.43,,Month-to-month,no,City_18,2021-10-16,APAC,,free text note number 160 about this particular customer,1
CUS000161,14,$62.59,876.26,Month-to-month,Yes,City_60,2020-07-26,APAC,,free text note number 161 about this particular customer,1
CUS000162,54,$92.04,4970.16,One year,No,City_64,2020-11-22,APAC,5.0,free text note number 162 about this particular customer,1
CUS000163,66,$61.23,4041.18,Month-to-month,No,City_57,2023-12-16,APAC,4.0,free text note number 163 about this particular customer,1
CUS000164,18,$50.20,903.6,Two year,No,City_28,2023-01-11,APAC,5.0,free text note number 164 about this particular customer,0
CUS000165,40,$63.35,2534.0,One year,No,City_19,2020-02-08,APAC,4.0,free text note number 165 about this particular customer,1
CUS000166,4,$35.50,142.0,N/A, Yes ,City_78,2024-01-23,APAC,3.0,free text note number 166 about this particular customer,1
CUS000167,13,$72.97,948.61,One year,Yes,City_76,2021-04-18,APAC,4.0,free text note number 167 about this particular customer,1
CUS000168,27,$131.01,3537.27,Month-to-month,no,City_65,2021-12-12,APAC,3.0,free text note number 168 about this particular customer,1
CUS000169,63,$98.63,6213.69,Month-to-month,Yes,City_3,2020-10-02,APAC,3.0,free text note number 169 about this particular customer,1
CUS000170,69,$42.27,2916.63,Month-to-month,No,City_44,2021-12-30,APAC,1.0,free text note number 170 about this particular customer,0
CUS000171,46,$48.17,2215.82,Month-to-month,No,City_18,2023-09-10,APAC,2.0,free text note number 171 about this particular customer,1
CUS000172,42,$59.88,2514.96,Month-to-month,No,City_8,2020-10-05,APAC,4.0,free text note number 172 about this particular customer,1
CUS000173,41,$95.11,3899.51,Month-to-month,No,City_35,2023-01-31,APAC,5.0,free text note number 173 about this particular customer,1
CUS000174,5,$49.46,247.3,Two year,No,City_74,2023-07-03,APAC,5.0,free text note number 174 about this particular customer,1
CUS000175,27,$52.74,1423.98,Month-to-month,Yes,City_64,2020-06-16,APAC,2.0,free text note number 175 about this particular customer,1
CUS000176,70,$92.12,6448.4,Month-to-month,Yes,City_23,2020-10-22,APAC,4.0,free text note number 176 about this particular customer,1
CUS000177,30,$91.62,2748.6,Two year, Yes ,City_45,2020-03-24,APAC,3.0,free text note number 177 about this particular customer,1
CUS000178,16,$60.65,970.4,Two year,Yes,City_76,2022-07-25,APAC,2.0,free text note number 178 about this particular customer,1
CUS000179,18,$42.06,757.08,Two year,No,City_54,2020-05-04,APAC,3.0,free text note number 179 about this particular customer,0
CUS000180,51,$31.26,1594.26,One year,Yes,City_31,2020-11-14,APAC,4.0,free text note number 180 about this particular customer,1
CUS000181,3,$52.53,157.59,One year,No,City_76,2023-01-14,APAC,,free text note number 181 about this particular customer,1
CUS000182,69,$15.00,1035.0,One year, Yes ,City_38,2024-02-04,APAC,1.0,free text note number 182 about this particular customer,0
CUS000183,63,$88.75,5591.25,One year,No,City_29,2023-01-25,APAC,3.0,free text note number 183 about this particular customer,0
CUS000184,41,$54.25,2224.25,Month-to-month,No,City_51,2023-01-12,APAC,4.0,free text note number 184 about this particular customer,1
CUS000185,34,$82.03,2789.02,Month-to-month,No,City_14,2022-08-07,APAC,3.0,free text note number 185 about this particular customer,1
CUS000186,55,$116.71,6419.05,Month-to-month,Yes,City_5,2021-11-16,APAC,3.0,free text note number 186 about this particular customer,1
CUS000187,39,$99.32,3873.48,Month-to-month,Yes,City_32,2022-01-03,APAC,5.0,free text note number 187 about this particular customer,1
CUS000188,34,$41.22,1401.48,Month-to-month,Yes,City_7,2022-07-18,APAC,1.0,free text note number 188 about this particular customer,1
CUS000189,23,$91.73,2109.79,One year,No,City_45,2021-11-25,APAC,,free text note number 189 about this particular customer,1
CUS000190,32,$98.95,3166.4,One year, Yes ,City_60,2020-03-22,APAC,3.0,free text note number 190 about this particular customer,1
CUS000191,54,$51.34,2772.36,Month-to-month,Yes,City_10,2022-06-12,APAC,5.0,free text note number 191 about this particular customer,1
CUS000192,4,$46.17,,N/A,No,City_9,2020-10-30,APAC,5.0,free text note number 192 about this particular customer,0
CUS000193,2,$67.26,134.52,Month-to-month,Yes,City_3,2020-06-11,APAC,5.0,free text note number 193 about this particular customer,1
CUS000194,52,$29.96,1557.92,Two year,Yes,City_4,2021-07-30,APAC,4.0,free text note number 194 about this particular customer,0
CUS000195,27,$106.77,2882.79,One year,no,City_58,2023-04-06,APAC,4.0,free text note number 195 about this particular customer,1
CUS000196,58,$15.00,870.0,One year,Yes,City_47,2022-02-01,APAC,1.0,free text note number 196 about this particular customer,0
CUS000197,3,$42.33,126.99,Month-to-month,Yes,City_79,2023-03-12,APAC,3.0,free text note number 197 about this particular customer,1
CUS000198,65,$63.26,4111.9,N/A,no,City_12,2022-12-13,APAC,4.0,free text note number 198 about this particular customer,0
CUS000199,9,$64.32,578.88,Month-to-month,Yes,City_74,2022-10-18,APAC,3.0,free text note number 199 about this particular customer,1
CUS000200,30,$74.15,2224.5,Month-to-month,Yes,City_62,2020-11-16,APAC,4.0,free text note number 200 about this particular customer,1
CUS000201,69,$76.79,5298.51,Month-to-month, Yes ,City_30,2020-12-19,APAC,4.0,free text note number 201 about this particular customer,1
CUS000202,8,$64.66,517.28,Month-to-month,Yes,City_50,2022-01-26,APAC,4.0,free text note number 202 about this particular customer,1
CUS000203,47,$98.42,4625.74,Month-to-month,no,City_36,2020-11-18,APAC,5.0,free text note number 203 about this particular customer,1
CUS000204,52,$16.52,859.04,Month-to-month,No,City_2,2023-09-27,APAC,3.0,free text note number 204 about this particular customer,1
CUS000205,31,$70.00,2170.0,Month-to-month,No,City_66,2024-01-10,APAC,4.0,free text note number 205 about this particular customer,1
CUS000206,6,$52.14,312.84,Two year,No,City_5,2023-08-06,APAC,1.0,free text note number 206 about this particular customer,1
CUS000207,38,$73.31,2785.78,One year,No,City_78,2023-11-23,APAC,5.0,free text note number 207 about this particular customer,1
CUS000208,31,$75.52,2341.12,Month-to-month, Yes ,City_68,2022-10-01,APAC,5.0,free text note number 208 about this particular customer,1
CUS000209,62,$47.20,2926.4,One year, Yes ,City_28,2023-01-27,APAC,4.0,free text note number 209 about this particular customer,0
CUS000210,49,$53.98,2645.02,Month-to-month,Yes,City_74,2022-05-29,APAC,4.0,free text note number 210 about this particular customer,1
CUS000211,25,$89.81,,One year,no,City_76,2023-03-23,APAC,4.0,free text note number 211 about this particular customer,1
CUS000212,5,$78.73,,One year,Yes,City_9,2020-08-12,APAC,3.0,free text note number 212 about this particular customer,1
CUS000213,42,$52.99,2225.58,Two year,Yes,City_55,2021-11-18,APAC,5.0,free text note number 213 about this particular customer,1
CUS000214,20,$121.00,2420.0,Month-to-month,Yes,City_18,2022-08-26,APAC,2.0,free text note number 214 about this particular customer,1
CUS000215,49,$127.73,6258.77,Two year,No,City_11,2023-08-08,APAC,4.0,free text note number 215 about this particular customer,1
CUS000216,62,$33.44,,Month-to-month,no,City_17,2022-10-23,APAC,2.0,free text note number 216 about this particular customer,1
CUS000217,26,$77.54,2016.04,Month-to-month,no,City_36,2022-11-01,APAC,4.0,free text note number 217 about this particular customer,1
CUS000218,65,$132.72,8626.8,Month-to-month,no,City_42,2020-07-27,APAC,4.0,free text note number 218 about this particular customer,1
CUS000219,37,$89.60,3315.2,Month-to-month,No,City_0,2021-10-18,APAC,4.0,free text note number 219 about this particular customer,1
CUS000220,38,$75.53,,Two year,Yes,City_52,2021-08-13,APAC,2.0,free text note number 220 about this particular customer,0
CUS000221,55,$64.80,3564.0,Month-to-month,Yes,City_32,2022-10-19,APAC,3.0,free text note number 221 about this particular customer,1
CUS000222,57,$56.47,,Month-to-month,No,City_60,2020-11-03,APAC,4.0,free text note number 222 about this particular customer,1
CUS000223,65,$64.69,4204.85,One year, Yes ,City_41,2020-04-29,APAC,3.0,free text note number 223 about this particular customer,0
CUS000224,71,$56.23,3992.33,Month-to-month,No,City_40,2021-04-28,APAC,4.0,free text note number 224 about this particular customer,1
CUS000225,11,$88.62,974.82,Two year,No,City_63,2021-08-14,APAC,1.0,free text note number 225 about this particular customer,1
CUS000226,30,$60.05,1801.5,Month-to-month, Yes ,City_4,2020-08-06,APAC,3.0,free text note number 226 about this particular customer,1
CUS000227,67,$58.97,3950.99,Two year,no,City_26,2023-06-19,APAC,2.0,free text note number 227 about this particular customer,0
CUS000228,22,$39.95,878.9,Two year,no,City_54,2022-09-06,APAC,4.0,free text note number 228 about this particular customer,0
CUS000229,1,$68.76,68.76,Month-to-month,No,City_51,2021-12-20,APAC,3.0,free text note number 229 about this particular customer,1
CUS000230,41,$47.65,1953.65,Month-to-month,Yes,City_19,2021-11-23,APAC,4.0,free text note number 230 about this particular customer,1
CUS000231,54,$65.48,3535.92,Month-to-month,no,City_53,2022-04-14,APAC,5.0,free text note number 231 about this particular customer,1
CUS000232,53,$96.05,5090.65,Month-to-month,No,City_30,2020-08-15,APAC,1.0,free text note number 232 about this particular customer,1
CUS000233,58,$79.15,4590.7,Month-to-month,no,City_41,2022-04-21,APAC,4.0,free text note number 233 about this particular customer,1
CUS000234,46,$82.62,3800.52,Two year,Yes,City_69,2020-07-03,APAC,5.0,free text note number 234 about this particular customer,1
CUS000235,10,$78.90,789.0,Month-to-month, Yes ,City_49,2023-11-15,APAC,,free text note number 235 about this particular customer,1
CUS000236,61,$71.48,4360.28,One year,Yes,City_54,2023-11-29,APAC,1.0,free text note number 236 about this particular customer,0
CUS000237,30,$66.82,2004.6,One year,no,City_36,2020-10-28,APAC,1.0,free text note number 237 about this particular customer,1
CUS000238,61,$62.30,3800.3,Month-to-month,no,City_48,2020-09-18,APAC,3.0,free text note number 238 about this particular customer,1
CUS000239,58,$88.98,,Month-to-month,Yes,City_48,2022-10-19,APAC,5.0,free text note number 239 about this particular customer,1
CUS000240,69,$42.89,2959.41,Two year,no,City_10,2022-07-22,APAC,2.0,free text note number 240 about this particular customer,0
CUS000241,2,$103.52,207.04,Month-to-month,No,City_36,2021-11-04,APAC,,free text note number 241 about this particular customer,1
CUS000242,62,$70.85,4392.7,Month-to-month,No,City_21,2023-06-05,APAC,4.0,free text note number 242 about this particular customer,1
CUS000243,45,$51.28,2307.6,Month-to-month,Yes,City_72,2020-12-19,APAC,1.0,free text note number 243 about this particular customer,1
CUS000244,35,$57.77,2021.95,One year,No,City_23,2023-09-02,APAC,4.0,free text note number 244 about this particular customer,0
CUS000245,57,$53.08,3025.56,Month-to-month,Yes,City_9,2020-03-13,APAC,3.0,free text note number 245 about this particular customer,1
CUS000246,68,$74.01,5032.68,Month-to-month,No,City_72,2023-08-30,APAC,2.0,free text note number 246 about this particular customer,0
CUS000247,37,$52.05,1925.85,One year,No,City_69,2022-07-04,APAC,4.0,free text note number 247 about this particular customer,1
CUS000248,7,$98.55,689.85,One year,no,City_68,2020-03-26,APAC,4.0,free text note number 248 about this particular customer,1
CUS000249,52,$50.46,2623.92,One year,no,City_59,2020-10-02,APAC,4.0,free text note number 249 about this particular customer,0
CUS000250,17,$15.00,255.0,Month-to-month,No,City_36,2023-12-24,APAC,3.0,free text note number 250 about this particular customer,1
CUS000251,17,$51.73,,Month-to-month,No,City_0,2022-05-23,APAC,2.0,free text note number 251 about this particular customer,1
CUS000252,14,$19.79,277.06,Month-to-month,no,City_30,2022-04-18,APAC,1.0,free text note number 252 about this particular customer,1
CUS000253,15,$69.00,1035.0,Month-to-month, Yes ,City_57,2021-10-06,APAC,2.0,free text note number 253 about this particular customer,1
CUS000254,65,$96.48,6271.2,One year,Yes,City_25,2023-03-05,APAC,3.0,free text note number 254 about this particular customer,1
CUS000255,26,$86.19,2240.94,Month-to-month,No,City_29,2021-08-31,APAC,3.0,free text note number 255 about this particular customer,1
CUS000256,8,$36.56,292.48,Two year,Yes,City_74,2020-08-14,APAC,1.0,free text note number 256 about this particular customer,1
CUS000257,13,$50.94,662.22,Month-to-month, Yes ,City_40,2023-08-24,APAC,5.0,free text note number 257 about this particular customer,1
CUS000258,29,$114.47,,Two year,Yes,City_21,2020-10-18,APAC,2.0,free text note number 258 about this particular customer,1
CUS000259,25,$77.96,1949.0,One year,no,City_41,2020-05-14,APAC,1.0,free text note number 259 about this particular customer,1
CUS000260,23,$70.10,1612.3,Two year,no,City_70,2023-07-25,APAC,2.0,free text note number 260 about this particular customer,1
CUS000261,68,$96.40,6555.2,Two year,No,City_58,2022-04-21,APAC,3.0,free text note number 261 about this particular customer,1
CUS000262,62,$131.32,8141.84,Month-to-month,No,City_42,2022-11-25,APAC,4.0,free text note number 262 about this particular customer,1
CUS000263,41,$102.41,4198.81,Two year,No,City_38,2021-09-13,APAC,1.0,free text note number 263 about this particular customer,1
CUS000264,71,$73.49,5217.79,Month-to-month,No,City_62,2023-01-06,APAC,2.0,free text note number 264 about this particular customer,1
CUS000265,25,$78.87,,One year,No,City_50,2020-08-15,APAC,1.0,free text note number 265 about this particular customer,1
CUS000266,10,$85.43,854.3,Two year, Yes ,City_67,2023-01-08,APAC,3.0,free text note number 266 about this particular customer,1
CUS000267,20,$54.68,1093.6,One year,No,City_17,2021-08-15,APAC,,free text note number 267 about this particular customer,1
CUS000268,7,$43.53,304.71,One year,no,City_47,2023-11-06,APAC,5.0,free text note number 268 about this particular customer,1
CUS000269,68,$71.31,4849.08,Month-to-month,No,City_5,2023-07-24,APAC,5.0,free text note number 269 about this particular customer,1
CUS000270,16,$46.32,741.12,One year,No,City_50,2022-05-15,APAC,,free text note number 270 about this particular customer,1
CUS000271,32,$68.46,2190.72,Month-to-month, Yes ,City_53,2020-10-24,APAC,2.0,free text note number 271 about this particular customer,1
CUS000272,15,$72.40,1086.0,Month-to-month,Yes,City_13,2022-07-06,APAC,4.0,free text note number 272 about this particular customer,1
CUS000273,70,$128.53,8997.1,Month-to-month, Yes ,City_79,2022-10-16,APAC,3.0,free text note number 273 about this particular customer,1
CUS000274,12,$48.72,,Two year, Yes ,City_56,2023-12-06,APAC,3.0,free text note number 274 about this particular customer,1
CUS000275,37,$66.96,2477.52,One year,no,City_6,2021-02-06,APAC,5.0,free text note number 275 about this particular customer,1
CUS000276,68,$65.89,4480.52,One year,No,City_76,2022-05-31,APAC,4.0,free text note number 276 about this particular customer,0
CUS000277,38,$80.93,3075.34,Month-to-month,No,City_72,2022-02-17,APAC,4.0,free text note number 277 about this particular customer,1
CUS000278,64,$96.17,6154.88,Month-to-month, Yes ,City_1,2022-10-12,APAC,3.0,free text note number 278 about this particular customer,1
CUS000279,64,$57.74,,Two year,No,City_30,2022-04-06,APAC,,free text note number 279 about this particular customer,0
CUS000280,55,$49.47,2720.85,Month-to-month,no,City_52,2020-06-26,APAC,4.0,free text note number 280 about this particular customer,1
CUS000281,53,$28.98,1535.94,Two year,no,City_52,2020-04-17,APAC,4.0,free text note number 281 about this particular customer,0
CUS000282,41,$46.84,1920.44,Month-to-month,no,City_40,2023-01-08,APAC,5.0,free text note number 282 about this particular customer,1
CUS000283,42,$83.41,3503.22,Month-to-month,No,City_21,2023-04-27,APAC,,free text note number 283 about this particular customer,1
CUS000284,60,$71.14,4268.4,Month-to-month,No,City_75,2024-01-30,APAC,2.0,free text note number 284 about this particular customer,1
CUS000285,31,$44.61,1382.91,Month-to-month,Yes,City_55,2021-07-21,APAC,3.0,free text note number 285 about this particular customer,1
CUS000286,68,$60.68,4126.24,Month-to-month,Yes,City_16,2020-09-21,APAC,,free text note number 286 about this particular customer,1
CUS000287,63,$70.79,4459.77,Month-to-month,Yes,City_34,2020-11-10,APAC,4.0,free text note number 287 about this particular customer,1
CUS000288,27,$82.59,2229.93,One year,no,City_1,2020-06-24,APAC,5.0,free text note number 288 about this particular customer,1
CUS000289,30,$55.17,1655.1,Month-to-month,No,City_63,2020-11-07,APAC,3.0,free text note number 289 about this particular customer,1
CUS000290,51,$63.74,,Month-to-month, Yes ,City_0,2021-11-07,APAC,,free text note number 290 about this particular customer,1
CUS000291,66,$24.54,1619.64,Month-to-month,Yes,City_22,2024-01-17,APAC,3.0,free text note number 291 about this particular customer,0
CUS000292,7,$41.22,288.54,Month-to-month,Yes,City_17,2020-12-13,APAC,5.0,free text note number 292 about this particular customer,1
CUS000293,5,$110.44,552.2,Month-to-month,no,City_26,2023-11-15,APAC,,free text note number 293 about this particular customer,1
CUS000294,18,$15.30,275.4,Month-to-month,No,City_36,2021-05-25,APAC,4.0,free text note number 294 about this particular customer,1
CUS000295,31,$61.55,1908.05,One year,Yes,City_50,2021-12-04,APAC,3.0,free text note number 295 about this particular customer,1
CUS000296,12,$75.48,905.76,Month-to-month,no,City_12,2023-06-28,APAC,3.0,free text note number 296 about this particular customer,1
CUS000297,37,$60.64,2243.68,Month-to-month,Yes,City_8,2021-02-10,APAC,2.0,free text note number 297 about this particular customer,1
CUS000298,39,$49.80,1942.2,One year, Yes ,City_2,2023-07-17,APAC,1.0,free text note number 298 about this particular customer,1
CUS000299,68,$68.47,4655.96,Month-to-month,Yes,City_78,2022-11-28,APAC,,free text note number 299 about this particular customer,1
CUS000300,53,$69.88,3703.64,Two year,no,City_10,2020-12-01,APAC,4.0,free text note number 300 about this particular customer,0
CUS000301,18,$67.95,1223.1,One year,No,City_48,2020-03-20,APAC,1.0,free text note number 301 about this particular customer,1
CUS000302,56,$23.06,1291.36,Month-to-month, Yes ,City_70,2020-01-30,APAC,4.0,free text note number 302 about this particular customer,1
CUS000303,58,$66.31,3845.98,Month-to-month,Yes,City_77,2023-07-12,APAC,2.0,free text note number 303 about this particular customer,1
CUS000304,49,$48.62,2382.38,One year, Yes ,City_33,2020-07-24,APAC,5.0,free text note number 304 about this particular customer,0
CUS000305,49,$56.31,2759.19,Month-to-month,No,City_14,2020-01-09,APAC,3.0,free text note number 305 about this particular customer,1
CUS000306,23,$75.67,1740.41,One year,No,City_52,2023-04-06,APAC,1.0,free text note number 306 about this particular customer,1
CUS000307,51,$86.02,4387.02,Two year,No,City_56,2020-03-15,APAC,4.0,free text note number 307 about this particular customer,0
CUS000308,10,$92.42,924.2,One year,No,City_44,2022-04-05,APAC,,free text note number 308 about this particular customer,1
CUS000309,45,$57.59,2591.55,Month-to-month,No,City_16,2021-05-16,APAC,4.0,free text note number 309 about this particular customer,1
CUS000310,66,$93.10,6144.6,Two year,No,City_70,2022-08-14,APAC,,free text note number 310 about this particular customer,0
CUS000311,69,$99.34,6854.46,Month-to-month,Yes,City_6,2021-11-15,APAC,2.0,free text note number 311 about this particular customer,0
CUS000312,22,$98.42,2165.24,Month-to-month,Yes,City_39,2022-06-14,APAC,3.0,free text note number 312 about this particular customer,1
CUS000313,24,$104.74,2513.76,Month-to-month,no,City_35,2020-01-08,APAC,5.0,free text note number 313 about this particular customer,1
CUS000314,44,$66.36,2919.84,One year,No,City_43,2021-10-24,APAC,3.0,free text note number 314 about this particular customer,1
CUS000315,29,$65.65,1903.85,Two year,No,City_37,2021-03-04,APAC,2.0,free text note number 315 about this particular customer,1
CUS000316,52,$90.63,4712.76,One year,No,City_36,2023-04-01,APAC,3.0,free text note number 316 about this particular customer,1
CUS000317,15,$35.84,537.6,Month-to-month, Yes ,City_44,2024-01-15,APAC,3.0,free text note number 317 about this particular customer,1
CUS000318,12,$75.24,902.88,Two year,Yes,City_22,2021-06-18,APAC,4.0,free text note number 318 about this particular customer,1
CUS000319,4,$56.74,226.96,Month-to-month, Yes ,City_37,2023-03-06,APAC,5.0,free text note number 319 about this particular customer,1
CUS000320,34,$60.78,2066.52,Month-to-month,Yes,City_51,2020-11-20,APAC,4.0,free text note number 320 about this particular customer,1
CUS000321,16,$26.46,423.36,One year,No,City_15,2020-03-28,APAC,4.0,free text note number 321 about this particular customer,1
CUS000322,22,$47.74,1050.28,Month-to-month, Yes ,City_64,2022-12-28,APAC,4.0,free text note number 322 about this particular customer,1
CUS000323,65,$69.49,4516.85,Month-to-month,Yes,City_54,2023-08-08,APAC,,free text note number 323 about this particular customer,1
CUS000324,58,$92.21,5348.18,One year,no,City_51,2023-09-01,APAC,3.0,free text note number 324 about this particular customer,0
CUS000325,60,$94.75,,One year,Yes,City_21,2021-11-29,APAC,3.0,free text note number 325 about this particular customer,0
CUS000326,43,$67.99,2923.57,Two year,Yes,City_76,2023-09-01,APAC,,free text note number 326 about this particular customer,1
CUS000327,8,$65.27,522.16,Month-to-month,No,City_23,2024-01-23,APAC,5.0,free text note number 327 about this particular customer,1
CUS000328,54,$49.23,2658.42,Two year,No,City_64,2020-06-26,APAC,4.0,free text note number 328 about this particular customer,0
CUS000329,43,$80.06,3442.58,One year,Yes,City_62,2021-04-26,APAC,5.0,free text note number 329 about this particular customer,0
CUS000330,65,$63.81,4147.65,Month-to-month, Yes ,City_79,2020-04-11,APAC,4.0,free text note number 330 about this particular customer,1
CUS000331,35,$85.15,2980.25,Month-to-month,Yes,City_54,2021-04-09,APAC,3.0,free text note number 331 about this particular customer,1
CUS000332,13,$113.79,1479.27,One year,Yes,City_73,2021-02-27,APAC,4.0,free text note number 332 about this particular customer,1
CUS000333,43,$69.19,2975.17,Month-to-month,No,City_58,2022-10-15,APAC,2.0,free text note number 333 about this particular customer,1
CUS000334,33,$32.57,1074.81,Month-to-month,No,City_38,2023-08-28,APAC,1.0,free text note number 334 about this particular customer,1
CUS000335,47,$48.48,2278.56,Two year,Yes,City_73,2022-01-02,APAC,3.0,free text note number 335 about this particular customer,0
CUS000336,27,$33.55,905.85,Month-to-month,Yes,City_47,2020-03-13,APAC,5.0,free text note number 336 about this particular customer,1
CUS000337,22,$40.07,881.54,Month-to-month,Yes,City_68,2021-02-18,APAC,2.0,free text note number 337 about this particular customer,1
CUS000338,9,$102.63,923.67,Month-to-month,Yes,City_3,2022-05-29,APAC,1.0,free text note number 338 about this particular customer,1
CUS000339,69,$75.67,5221.23,Two year,No,City_17,2022-02-25,APAC,2.0,free text note number 339 about this particular customer,0
CUS000340,54,$32.00,1728.0,One year,No,City_33,2022-05-01,APAC,5.0,free text note number 340 about this particular customer,0
CUS000341,34,$86.34,2935.56,Month-to-month,no,City_78,2022-08-13,APAC,5.0,free text note number 341 about this particular customer,1
CUS000342,17,$101.51,1725.67,Two year,No,City_39,2024-01-24,APAC,3.0,free text note number 342 about this particular customer,1
CUS000343,45,$61.00,2745.0,Month-to-month,No,City_41,2021-04-13,APAC,,free text note number 343 about this particular customer,1
CUS000344,30,$53.10,1593.0,One year,Yes,City_19,2022-11-05,APAC,3.0,free text note number 344 about this particular customer,0
CUS000345,46,$61.57,2832.22,Month-to-month,Yes,City_44,2023-05-21,APAC,4.0,free text note number 345 about this particular customer,1
CUS000346,7,$77.12,539.84,One year, Yes ,City_78,2024-01-06,APAC,4.0,free text note number 346 about this particular customer,1
CUS000347,14,$86.00,1204.0,One year,No,City_22,2023-01-28,APAC,3.0,free text note number 347 about this particular customer,1
CUS000348,53,$99.56,5276.68,Two year,No,City_70,2020-01-19,APAC,5.0,free text note number 348 about this particular customer,0
CUS000349,5,$100.31,501.55,Month-to-month,Yes,City_30,2023-02-03,APAC,5.0,free text note number 349 about this particular customer,1
CUS000350,49,$99.64,4882.36,Month-to-month,no,City_45,2023-08-24,APAC,3.0,free text note number 350 about this particular customer,1
CUS000351,30,$104.05,3121.5,One year,no,City_44,2022-09-17,APAC,3.0,free text note number 351 about this particular customer,1
CUS000352,1,$86.53,86.53,Two year,No,City_69,2023-08-08,APAC,,free text note number 352 about this particular customer,1
CUS000353,55,$31.73,1745.15,Month-to-month,no,City_2,2020-12-11,APAC,4.0,free text note number 353 about this particular customer,1
CUS000354,50,$66.73,3336.5,Month-to-month,Yes,City_1,2023-04-12,APAC,3.0,free text note number 354 about this particular customer,1
CUS000355,58,$77.85,4515.3,Month-to-month,no,City_57,2022-11-24,APAC,2.0,free text note number 355 about this particular customer,1
CUS000356,64,$60.42,,Two year,Yes,City_32,2021-07-18,APAC,3.0,free text note number 356 about this particular customer,0
CUS000357,52,$92.78,4824.56,Month-to-month,No,City_27,2020-09-19,APAC,3.0,free text note number 357 about this particular customer,1
CUS000358,60,$60.99,3659.4,Month-to-month,No,City_72,2021-06-22,APAC,5.0,free text note number 358 about this particular customer,1
CUS000359,9,$46.86,421.74,N/A,No,City_55,2020-07-31,APAC,4.0,free text note number 359 about this particular customer,1
CUS000360,66,$106.11,7003.26,Two year,Yes,City_1,2022-08-02,APAC,4.0,free text note number 360 about this particular customer,0
CUS000361,65,$86.65,5632.25,Month-to-month,No,City_58,2022-01-25,APAC,,free text note number 361 about this particular customer,1
CUS000362,50,$75.48,3774.0,One year,No,City_44,2021-07-28,APAC,4.0,free text note number 362 about this particular customer,0
CUS000363,57,$93.17,5310.69,One year, Yes ,City_49,2020-09-15,APAC,5.0,free text note number 363 about this particular customer,0
CUS000364,53,$96.56,5117.68,Month-to-month,No,City_11,2021-12-16,APAC,1.0,free text note number 364 about this particular customer,1
CUS000365,63,$78.53,4947.39,One year,Yes,City_5,2020-07-10,APAC,1.0,free text note number 365 about this particular customer,0
CUS000366,64,$15.00,960.0,Month-to-month,Yes,City_35,2022-09-09,APAC,5.0,free text note number 366 about this particular customer,0
CUS000367,38,$53.11,2018.18,Month-to-month,No,City_45,2022-06-07,APAC,4.0,free text note number 367 about this particular customer,1
CUS000368,58,$58.59,3398.22,Month-to-month,no,City_53,2022-08-06,APAC,3.0,free text note number 368 about this particular customer,1
CUS000369,66,$45.39,2995.74,N/A,Yes,City_28,2024-01-03,APAC,2.0,free text note number 369 about this particular customer,1
CUS000370,22,$74.97,1649.34,One year,No,City_11,2020-09-06,APAC,1.0,free text note number 370 about this particular customer,1
CUS000371,4,$99.81,399.24,Month-to-month,Yes,City_57,2020-03-24,APAC,3.0,free text note number 371 about this particular customer,1
CUS000372,13,$57.88,752.44,Month-to-month, Yes ,City_66,2020-01-09,APAC,5.0,free text note number 372 about this particular customer,1
CUS000373,3,$41.63,124.89,Two year,Yes,City_56,2021-10-28,APAC,2.0,free text note number 373 about this particular customer,1
CUS000374,31,$120.70,3741.7,Month-to-month,Yes,City_14,2020-07-22,APAC,2.0,free text note number 374 about this particular customer,1
CUS000375,2,$58.71,117.42,Month-to-month,no,City_40,2020-05-15,APAC,5.0,free text note number 375 about this particular customer,1
CUS000376,19,$39.18,744.42,One year, Yes ,City_78,2023-03-15,APAC,2.0,free text note number 376 about this particular customer,0
CUS000377,18,$75.94,1366.92,Month-to-month,no,City_58,2022-03-19,APAC,2.0,free text note number 377 about this particular customer,1
CUS000378,51,$80.64,4112.64,Month-to-month,Yes,City_28,2021-12-22,APAC,4.0,free text note number 378 about this particular customer,1
CUS000379,18,$52.37,942.66,Month-to-month,No,City_11,2022-05-11,APAC,5.0,free text note number 379 about this particular customer,1
CUS000380,68,$89.76,6103.68,One year,No,City_34,2024-01-13,APAC,,free text note number 380 about this particular customer,0
CUS000381,14,$57.82,809.48,Month-to-month,no,City_65,2022-01-05,APAC,1.0,free text note number 381 about this particular customer,1
CUS000382,69,$46.93,3238.17,Two year,no,City_21,2022-04-10,APAC,3.0,free text note number 382 about this particular customer,0
CUS000383,41,$74.46,3052.86,One year,Yes,City_77,2020-02-28,APAC,4.0,free text note number 383 about this particular customer,1
CUS000384,18,$89.27,1606.86,Month-to-month,No,City_44,2023-10-12,APAC,3.0,free text note number 384 about this particular customer,1
CUS000385,3,$54.15,,N/A,no,City_72,2022-11-17,APAC,4.0,free text note number 385 about this particular customer,1
CUS000386,22,$78.27,1721.94,Month-to-month,No,City_16,2022-12-03,APAC,2.0,free text note number 386 about this particular customer,1
CUS000387,42,$67.66,2841.72,Month-to-month,No,City_64,2022-01-31,APAC,4.0,free text note number 387 about this particular customer,1
CUS000388,8,$140.61,1124.88,Two year, Yes ,City_18,2020-01-26,APAC,2.0,free text note number 388 about this particular customer,1
CUS000389,12,$52.29,,N/A, Yes ,City_32,2022-05-09,APAC,2.0,free text note number 389 about this particular customer,1
CUS000390,9,$104.60,941.4,Month-to-month,no,City_15,2020-08-25,APAC,5.0,free text note number 390 about this particular customer,1
CUS000391,49,$68.69,3365.81,One year,No,City_74,2022-09-29,APAC,4.0,free text note number 391 about this particular customer,0
CUS000392,7,$66.83,467.81,One year,No,City_44,2020-07-03,APAC,4.0,free text note number 392 about this particular customer,1
CUS000393,2,$88.04,176.08,N/A,Yes,City_44,2023-09-21,APAC,3.0,free text note number 393 about this particular customer,1
CUS000394,33,$92.35,3047.55,Month-to-month,Yes,City_8,2023-02-04,APAC,4.0,free text note number 394 about this particular customer,1
CUS000395,23,$101.68,2338.64,Month-to-month,No,City_17,2021-10-13,APAC,,free text note number 395 about this particular customer,1
CUS000396,41,$78.22,3207.02,Month-to-month,no,City_35,2020-09-14,APAC,3.0,free text note number 396 about this particular customer,1
CUS000397,67,$54.99,3684.33,N/A,no,City_43,2023-10-01,APAC,1.0,free text note number 397 about this particular customer,1
CUS000398,61,$56.56,3450.16,Month-to-month, Yes ,City_8,2023-07-11,APAC,3.0,free text note number 398 about this particular customer,1
CUS000399,39,$82.74,3226.86,One year,Yes,City_68,2020-09-20,APAC,5.0,free text note number 399 about this particular customer,1
CUS000400,46,$84.52,3887.92,Month-to-month,No,City_40,2021-01-04,APAC,3.0,free text note number 400 about this particular customer,1
CUS000401,58,$104.95,6087.1,N/A,Yes,City_54,2021-11-11,APAC,5.0,free text note number 401 about this particular customer,1
CUS000402,32,$80.46,2574.72,Two year,No,City_1,2022-12-29,APAC,2.0,free text note number 402 about this particular customer,1
CUS000403,47,$96.50,4535.5,Month-to-month, Yes ,City_66,2020-09-22,APAC,4.0,free text note number 403 about this particular customer,1
CUS000404,16,$107.92,,Two year,no,City_11,2023-12-28,APAC,3.0,free text note number 404 about this particular customer,1
CUS000405,44,$74.12,3261.28,One year,No,City_2,2021-07-12,APAC,4.0,free text note number 405 about this particular customer,1
CUS000406,17,$32.86,,One year,Yes,City_44,2022-06-01,APAC,3.0,free text note number 406 about this particular customer,1
CUS000407,14,$40.52,567.28,Month-to-month,no,City_77,2023-09-17,APAC,4.0,free text note number 407 about this particular customer,1
CUS000408,55,$34.05,1872.75,One year,no,City_79,2020-07-02,APAC,4.0,free text note number 408 about this particular customer,0
CUS000409,41,$109.79,4501.39,N/A,no,City_73,2024-01-02,APAC,4.0,free text note number 409 about this particular customer,1
CUS000410,27,$48.81,1317.87,Month-to-month,Yes,City_34,2021-06-09,APAC,3.0,free text note number 410 about this particular customer,1
CUS000411,3,$100.80,302.4,Two year,No,City_40,2021-12-09,APAC,1.0,free text note number 411 about this particular customer,1
CUS000412,17,$84.64,1438.88,Month-to-month,No,City_33,2020-05-15,APAC,5.0,free text note number 412 about this particular customer,1
CUS000413,57,$112.88,6434.16,Month-to-month, Yes ,City_73,2021-02-18,APAC,2.0,free text note number 413 about this particular customer,1
CUS000414,34,$95.08,3232.72,One year,Yes,City_75,2023-04-09,APAC,3.0,free text note number 414 about this particular customer,1
CUS000415,69,$67.44,4653.36,Month-to-month,No,City_14,2021-04-29,APAC,5.0,free text note number 415 about this particular customer,0
CUS000416,64,$65.00,4160.0,Month-to-month,Yes,City_42,2023-11-14,APAC,,free text note number 416 about this particular customer,1
CUS000417,61,$72.13,4399.93,Two year,Yes,City_29,2023-09-14,APAC,4.0,free text note number 417 about this particular customer,0
CUS000418,2,$74.38,148.76,Month-to-month,Yes,City_60,2022-03-10,APAC,2.0,free text note number 418 about this particular customer,1
CUS000419,4,$56.73,226.92,Month-to-month,no,City_13,2021-10-19,APAC,,free text note number 419 about this particular customer,1
CUS000420,42,$69.18,2905.56,Two year,No,City_34,2020-09-12,APAC,1.0,free text note number 420 about this particular customer,0
CUS000421,25,$110.23,2755.75,Month-to-month,No,City_53,2020-10-24,APAC,1.0,free text note number 421 about this particular customer,1
CUS000422,60,$27.45,1647.0,Month-to-month,No,City_73,2023-10-03,APAC,4.0,free text note number 422 about this particular customer,0
CUS000423,23,$76.46,1758.58,Two year,Yes,City_73,2023-06-06,APAC,,free text note number 423 about this particular customer,1
CUS000424,11,$47.33,520.63,Month-to-month,no,City_61,2020-02-04,APAC,4.0,free text note number 424 about this particular customer,1
CUS000425,9,$74.68,672.12,Two year,No,City_74,2022-02-03,APAC,5.0,free text note number 425 about this particular customer,1
CUS000426,22,$91.00,2002.0,Two year,Yes,City_8,2024-01-22,APAC,4.0,free text note number 426 about this particular customer,1
CUS000427,45,$68.56,3085.2,Two year,No,City_6,2021-10-02,APAC,1.0,free text note number 427 about this particular customer,0
CUS000428,9,$89.32,803.88,Month-to-month, Yes ,City_32,2022-07-12,APAC,4.0,free text note number 428 about this particular customer,1
CUS000429,57,$30.25,1724.25,Month-to-month,Yes,City_61,2023-09-16,APAC,5.0,free text note number 429 about this particular customer,1
CUS000430,22,$97.67,2148.74,One year, Yes ,City_9,2020-06-03,APAC,3.0,free text note number 430 about this particular customer,1
CUS000431,23,$54.92,1263.16,Two year,Yes,City_44,2023-01-24,APAC,4.0,free text note number 431 about this particular customer,1
CUS000432,48,$85.56,4106.88,Month-to-month,No,City_72,2022-03-08,APAC,3.0,free text note number 432 about this particular customer,1
CUS000433,62,$74.56,4622.72,Month-to-month, Yes ,City_17,2020-01-22,APAC,2.0,free text note number 433 about this particular customer,1
CUS000434,31,$15.00,465.0,Month-to-month, Yes ,City_31,2022-10-12,APAC,5.0,free text note number 434 about this particular customer,1
CUS000435,57,$51.10,2912.7,Month-to-month,Yes,City_71,2023-12-20,APAC,2.0,free text note number 435 about this particular customer,0
CUS000436,22,$75.51,1661.22,Month-to-month,no,City_58,2022-09-15,APAC,2.0,free text note number 436 about this particular customer,1
CUS000437,10,$108.85,1088.5,Month-to-month,No,City_42,2021-11-12,APAC,2.0,free text note number 437 about this particular customer,1
CUS000438,59,$77.18,4553.62,One year,No,City_5,2021-05-30,APAC,3.0,free text note number 438 about this particular customer,0
CUS000439,55,$76.44,,N/A,no,City_3,2020-09-26,APAC,3.0,free text note number 439 about this particular customer,0
CUS000440,54,$34.68,1872.72,Month-to-month,No,City_39,2022-09-24,APAC,2.0,free text note number 440 about this particular customer,1
CUS000441,63,$105.78,6664.14,Month-to-month,Yes,City_30,2023-09-27,APAC,2.0,free text note number 441 about this particular customer,1
CUS000442,36,$115.18,4146.48,Month-to-month,No,City_5,2021-01-03,APAC,3.0,free text note number 442 about this particular customer,1
CUS000443,15,$70.71,1060.65,Month-to-month,no,City_54,2021-09-21,APAC,1.0,free text note number 443 about this particular customer,1
CUS000444,42,$64.51,2709.42,Two year,No,City_79,2023-02-06,APAC,3.0,free text note number 444 about this particular customer,1
CUS000445,41,$29.52,1210.32,Month-to-month,No,City_68,2022-10-23,APAC,2.0,free text note number 445 about this particular customer,1
CUS000446,28,$92.08,2578.24,N/A,no,City_27,2022-04-08,APAC,2.0,free text note number 446 about this particular customer,1
CUS000447,46,$137.56,6327.76,One year,Yes,City_15,2023-01-31,APAC,2.0,free text note number 447 about this particular customer,1
CUS000448,19,$87.93,1670.67,Two year,Yes,City_28,2024-02-06,APAC,5.0,free text note number 448 about this particular customer,1
CUS000449,44,$101.59,4469.96,One year,Yes,City_47,2020-10-18,APAC,5.0,free text note number 449 about this particular customer,1
CUS000450,57,$83.55,4762.35,One year,No,City_62,2020-05-25,APAC,,free text note number 450 about this particular customer,0
CUS000451,7,$45.37,317.59,Month-to-month,No,City_6,2024-01-15,APAC,5.0,free text note number 451 about this particular customer,1
CUS000452,33,$103.42,3412.86,N/A,no,City_45,2020-12-24,APAC,4.0,free text note number 452 about this particular customer,1
CUS000453,47,$39.14,1839.58,Month-to-month, Yes ,City_72,2022-04-24,APAC,3.0,free text note number 453 about this particular customer,1
CUS000454,4,$64.73,258.92,Two year,Yes,City_41,2023-07-05,APAC,4.0,free text note number 454 about this particular customer,1
CUS000455,45,$76.97,3463.65,Two year,No,City_0,2020-03-26,APAC,4.0,free text note number 455 about this particular customer,0
CUS000456,65,$92.07,5984.55,Month-to-month,No,City_12,2022-09-15,APAC,,free text note number 456 about this particular customer,1
CUS000457,59,$80.40,4743.6,Two year,No,City_77,2022-03-16,APAC,3.0,free text note number 457 about this particular customer,0
CUS000458,49,$79.67,3903.83,One year, Yes ,City_49,2022-06-22,APAC,,free text note number 458 about this particular customer,1
CUS000459,58,$50.96,2955.68,One year,No,City_45,2020-01-28,APAC,,free text note number 459 about this particular customer,0
CUS000460,26,$37.77,982.02,Month-to-month,No,City_45,2022-09-14,APAC,,free text note number 460 about this particular customer,1
CUS000461,24,$71.54,1716.96,Month-to-month,No,City_60,2024-01-08,APAC,4.0,free text note number 461 about this particular customer,1
CUS000462,6,$52.25,313.5,Month-to-month,No,City_34,2023-05-06,APAC,4.0,free text note number 462 about this particular customer,1
CUS000463,52,$37.31,1940.12,Two year,No,City_53,2022-09-26,APAC,,free text note number 463 about this particular customer,1
CUS000464,23,$38.35,882.05,Two year,Yes,City_34,2020-06-29,APAC,3.0,free text note number 464 about this particular customer,1
CUS000465,62,$57.75,3580.5,Two year,No,City_40,2021-07-23,APAC,5.0,free text note number 465 about this particular customer,0
CUS000466,34,$23.69,805.46,Two year,No,City_24,2021-05-03,APAC,1.0,free text note number 466 about this particular customer,1
CUS000467,64,$36.31,,Two year,No,City_35,2023-04-13,APAC,2.0,free text note number 467 about this particular customer,0
CUS000468,10,$29.12,291.2,Month-to-month,No,City_5,2022-07-30,APAC,4.0,free text note number 468 about this particular customer,1
CUS000469,12,$74.56,894.72,One year,No,City_16,2023-04-06,APAC,4.0,free text note number 469 about this particular customer,1
CUS000470,25,$80.20,2005.0,Month-to-month,no,City_1,2021-07-09,APAC,2.0,free text note number 470 about this particular customer,1
CUS000471,2,$120.18,240.36,One year,Yes,City_22,2022-11-16,APAC,5.0,free text note number 471 about this particular customer,1
CUS000472,35,$32.56,1139.6,Month-to-month,no,City_19,2021-07-07,APAC,4.0,free text note number 472 about this particular customer,1
CUS000473,47,$53.01,2491.47,Two year,No,City_7,2020-12-18,APAC,2.0,free text note number 473 about this particular customer,0
CUS000474,47,$92.82,4362.54,Two year,No,City_78,2021-07-24,APAC,1.0,free text note number 474 about this particular customer,1
CUS000475,16,$64.58,1033.28,Month-to-month,No,City_21,2020-05-19,APAC,3.0,free text note number 475 about this particular customer,1
CUS000476,12,$61.83,741.96,One year,Yes,City_57,2023-08-18,APAC,5.0,free text note number 476 about this particular customer,1
CUS000477,41,$112.73,4621.93,Two year, Yes ,City_52,2023-07-08,APAC,,free text note number 477 about this particular customer,1
CUS000478,45,$61.54,2769.3,Month-to-month,no,City_7,2021-06-15,APAC,5.0,free text note number 478 about this particular customer,1
CUS000479,68,$41.10,2794.8,One year, Yes ,City_44,2023-08-25,APAC,2.0,free text note number 479 about this particular customer,0
CUS000480,64,$37.08,2373.12,Month-to-month,No,City_49,2021-03-26,APAC,5.0,free text note number 480 about this particular customer,1
CUS000481,27,$78.39,2116.53,One year,no,City_45,2021-06-02,APAC,2.0,free text note number 481 about this particular customer,0
CUS000482,12,$77.63,931.56,Two year,no,City_53,2020-08-22,APAC,3.0,free text note number 482 about this particular customer,1
CUS000483,18,$35.71,642.78,One year,No,City_42,2021-08-02,APAC,4.0,free text note number 483 about this particular customer,1
CUS000484,63,$45.37,2858.31,Month-to-month, Yes ,City_69,2022-01-06,APAC,3.0,free text note number 484 about this particular customer,1
CUS000485,33,$83.37,2751.21,One year,no,City_75,2021-08-27,APAC,3.0,free text note number 485 about this particular customer,1
CUS000486,71,$84.43,5994.53,One year,Yes,City_55,2023-10-06,APAC,3.0,free text note number 486 about this particular customer,0
CUS000487,47,$53.92,2534.24,Month-to-month,Yes,City_68,2021-02-19,APAC,,free text note number 487 about this particular customer,1
CUS000488,43,$85.56,,Month-to-month,No,City_31,2022-05-08,APAC,3.0,free text note number 488 about this particular customer,1
CUS000489,8,$84.30,674.4,Month-to-month,No,City_21,2023-11-08,APAC,1.0,free text note number 489 about this particular customer,1
CUS000490,42,$25.42,1067.64,Month-to-month,No,City_71,2021-06-30,APAC,3.0,free text note number 490 about this particular customer,1
CUS000491,28,$62.20,1741.6,Month-to-month,No,City_44,2022-03-08,APAC,4.0,free text note number 491 about this particular customer,1
CUS000492,60,$80.38,4822.8,One year,no,City_78,2023-08-22,APAC,4.0,free text note number 492 about this particular customer,1
CUS000493,10,$55.67,556.7,Two year,no,City_77,2022-11-30,APAC,,free text note number 493 about this particular customer,1
CUS000494,14,$16.53,231.42,Month-to-month,Yes,City_36,2022-10-13,APAC,4.0,free text note number 494 about this particular customer,1
CUS000495,48,$62.92,3020.16,One year,No,City_21,2022-06-26,APAC,5.0,free text note number 495 about this particular customer,0
CUS000496,49,$88.80,4351.2,One year,no,City_16,2020-12-31,APAC,5.0,free text note number 496 about this particular customer,0
CUS000497,59,$109.51,6461.09,One year,no,City_56,2020-05-14,APAC,3.0,free text note number 497 about this particular customer,0
CUS000498,38,$15.23,578.74,One year,Yes,City_5,2021-05-19,APAC,3.0,free text note number 498 about this particular customer,0
CUS000499,27,$135.33,,Month-to-month,No,City_51,2020-04-18,APAC,3.0,free text note number 499 about this particular customer,1
CUS000500,22,$41.82,920.04,N/A,Yes,City_23,2022-05-11,APAC,2.0,free text note number 500 about this particular customer,0
CUS000501,27,$93.92,2535.84,Month-to-month,No,City_53,2020-08-09,APAC,1.0,free text note number 501 about this particular customer,1
CUS000502,48,$100.85,4840.8,Month-to-month, Yes ,City_23,2022-05-31,APAC,2.0,free text note number 502 about this particular customer,1
CUS000503,39,$94.58,3688.62,Month-to-month,Yes,City_44,2022-01-15,APAC,2.0,free text note number 503 about this particular customer,1
CUS000504,22,$73.74,1622.28,One year,no,City_78,2024-02-03,APAC,1.0,free text note number 504 about this particular customer,1
CUS000505,16,$40.96,655.36,One year,No,City_59,2022-07-30,APAC,3.0,free text note number 505 about this particular customer,1
CUS000506,51,$85.66,4368.66,N/A, Yes ,City_8,2023-12-02,APAC,2.0,free text note number 506 about this particular customer,1
CUS000507,18,$52.12,938.16,Two year,no,City_30,2024-02-02,APAC,,free text note number 507 about this particular customer,1
CUS000508,15,$15.00,225.0,One year,Yes,City_42,2020-12-08,APAC,3.0,free text note number 508 about this particular customer,1
CUS000509,24,$140.72,3377.28,Two year,No,City_74,2023-09-13,APAC,1.0,free text note number 509 about this particular customer,1
CUS000510,61,$87.70,5349.7,Month-to-month,no,City_42,2022-01-30,APAC,4.0,free text note number 510 about this particular customer,1
CUS000511,33,$115.45,3809.85,N/A,Yes,City_45,2023-01-13,APAC,4.0,free text note number 511 about this particular customer,1
CUS000512,43,$47.21,2030.03,Month-to-month,no,City_25,2021-08-06,APAC,,free text note number 512 about this particular customer,1
CUS000513,6,$106.69,640.14,One year,Yes,City_27,2021-07-29,APAC,2.0,free text note number 513 about this particular customer,1
CUS000514,25,$109.75,2743.75,Month-to-month,Yes,City_36,2020-01-25,APAC,3.0,free text note number 514 about this particular customer,1
CUS000515,54,$108.86,5878.44,Month-to-month,No,City_51,2021-05-31,APAC,4.0,free text note number 515 about this particular customer,1
CUS000516,55,$69.47,3820.85,Month-to-month,Yes,City_60,2021-01-16,APAC,4.0,free text note number 516 about this particular customer,1
CUS000517,42,$39.94,1677.48,Month-to-month, Yes ,City_54,2022-11-11,APAC,4.0,free text note number 517 about this particular customer,1
CUS000518,63,$65.57,4130.91,Month-to-month,Yes,City_18,2021-10-01,APAC,,free text note number 518 about this particular customer,1
CUS000519,22,$15.00,330.0,Month-to-month,No,City_73,2021-06-02,APAC,,free text note number 519 about this particular customer,1
CUS000520,12,$27.45,329.4,Two year,No,City_54,2020-05-29,APAC,1.0,free text note number 520 about this particular customer,1
CUS000521,6,$72.30,433.8,Month-to-month,No,City_50,2023-02-22,APAC,3.0,free text note number 521 about this particular customer,1
CUS000522,15,$45.22,,Two year, Yes ,City_68,2022-01-02,APAC,,free text note number 522 about this particular customer,1
CUS000523,55,$65.89,3623.95,Two year,No,City_41,2022-12-28,APAC,1.0,free text note number 523 about this particular customer,0
CUS000524,65,$67.28,4373.2,Month-to-month,no,City_66,2021-03-08,APAC,3.0,free text note number 524 about this particular customer,1
CUS000525,10,$118.27,1182.7,One year,Yes,City_28,2020-06-28,APAC,5.0,free text note number 525 about this particular customer,1
CUS000526,36,$102.44,3687.84,One year,No,City_76,2020-08-24,APAC,1.0,free text note number 526 about this particular customer,1
CUS000527,10,$68.88,688.8,Month-to-month,Yes,City_34,2023-04-20,APAC,4.0,free text note number 527 about this particular customer,1
CUS000528,60,$100.22,6013.2,Two year,no,City_52,2022-10-02,APAC,,free text note number 528 about this particular customer,1
CUS000529,10,$50.51,505.1,Two year,No,City_22,2020-05-20,APAC,4.0,free text note number 529 about this particular customer,1
CUS000530,46,$61.58,2832.68,Month-to-month,Yes,City_49,2020-10-18,APAC,1.0,free text note number 530 about this particular customer,1
CUS000531,6,$92.76,556.56,Two year,no,City_49,2021-04-21,APAC,2.0,free text note number 531 about this particular customer,1
CUS000532,53,$38.96,2064.88,Month-to-month,No,City_9,2022-05-11,APAC,3.0,free text note number 532 about this particular customer,1
CUS000533,65,$63.03,4096.95,Month-to-month,No,City_68,2024-01-02,APAC,1.0,free text note number 533 about this particular customer,1
CUS000534,52,$36.98,1922.96,Month-to-month,Yes,City_60,2022-12-18,APAC,4.0,free text note number 534 about this particular customer,1
CUS000535,20,$72.94,1458.8,Month-to-month, Yes ,City_47,2022-09-03,APAC,3.0,free text note number 535 about this particular customer,1
CUS000536,60,$110.81,6648.6,Month-to-month,No,City_56,2021-05-02,APAC,3.0,free text note number 536 about this particular customer,0
CUS000537,22,$51.20,1126.4,Month-to-month,no,City_16,2023-07-08,APAC,5.0,free text note number 537 about this particular customer,1
CUS000538,54,$75.65,4085.1,N/A,Yes,City_56,2023-11-17,APAC,4.0,free text note number 538 about this particular customer,1
CUS000539,60,$47.57,2854.2,Two year,No,City_2,2023-10-22,APAC,5.0,free text note number 539 about this particular customer,0
CUS000540,35,$41.26,1444.1,Two year,No,City_16,2023-04-16,APAC,2.0,free text note number 540 about this particular customer,1
CUS000541,45,$39.10,1759.5,Month-to-month,No,City_70,2021-01-31,APAC,3.0,free text note number 541 about this particular customer,1
CUS000542,61,$106.37,6488.57,Month-to-month,No,City_79,2020-03-10,APAC,4.0,free text note number 542 about this particular customer,1
CUS000543,14,$129.06,1806.84,One year,no,City_23,2023-04-08,APAC,4.0,free text note number 543 about this particular customer,1
CUS000544,2,$82.08,164.16,Month-to-month, Yes ,City_60,2021-08-25,APAC,5.0,free text note number 544 about this particular customer,1
CUS000545,31,$52.09,1614.79,Month-to-month,Yes,City_55,2021-07-12,APAC,3.0,free text note number 545 about this particular customer,1
CUS000546,13,$87.62,1139.06,One year,no,City_61,2023-02-05,APAC,,free text note number 546 about this particular customer,0
CUS000547,63,$61.64,3883.32,Month-to-month,Yes,City_75,2020-04-07,APAC,2.0,free text note number 547 about this particular customer,1
CUS000548,62,$90.03,5581.86,One year,Yes,City_24,2020-03-14,APAC,4.0,free text note number 548 about this particular customer,0
CUS000549,27,$77.27,2086.29,One year,No,City_75,2020-06-09,APAC,5.0,free text note number 549 about this particular customer,0
CUS000550,22,$76.99,1693.78,Month-to-month,Yes,City_43,2020-11-21,APAC,,free text note number 550 about this particular customer,1
CUS000551,51,$85.18,4344.18,Month-to-month,no,City_44,2020-07-08,APAC,3.0,free text note number 551 about this particular customer,1
CUS000552,33,$55.51,1831.83,Month-to-month,No,City_37,2022-08-08,APAC,5.0,free text note number 552 about this particular customer,1
CUS000553,7,$59.89,,Month-to-month,No,City_73,2022-08-05,APAC,4.0,free text note number 553 about this particular customer,1
CUS000554,48,$26.97,1294.56,Two year,no,City_75,2023-01-10,APAC,4.0,free text note number 554 about this particular customer,0
CUS000555,52,$58.95,3065.4,One year, Yes ,City_32,2022-08-20,APAC,3.0,free text note number 555 about this particular customer,0
CUS000556,5,$34.44,172.2,Month-to-month,No,City_10,2022-03-04,APAC,5.0,free text note number 556 about this particular customer,1
CUS000557,56,$66.38,3717.28,Two year,No,City_75,2023-06-25,APAC,1.0,free text note number 557 about this particular customer,0
CUS000558,38,$46.06,1750.28,One year,no,City_11,2023-01-17,APAC,,free text note number 558 about this particular customer,1
CUS000559,59,$72.53,4279.27,Month-to-month,Yes,City_54,2021-03-18,APAC,4.0,free text note number 559 about this particular customer,1
CUS000560,61,$81.33,4961.13,Month-to-month, Yes ,City_30,2020-10-24,APAC,4.0,free text note number 560 about this particular customer,1
CUS000561,48,$34.50,1656.0,Month-to-month,Yes,City_6,2023-02-17,APAC,2.0,free text note number 561 about this particular customer,1
CUS000562,24,$49.67,1192.08,Two year,Yes,City_77,2021-09-11,APAC,4.0,free text note number 562 about this particular customer,1
CUS000563,27,$46.42,1253.34,Month-to-month,no,City_64,2021-02-04,APAC,2.0,free text note number 563 about this particular customer,1
CUS000564,52,$88.66,4610.32,Month-to-month,Yes,City_27,2021-02-18,APAC,5.0,free text note number 564 about this particular customer,1
CUS000565,5,$112.66,563.3,Two year,No,City_12,2021-04-15,APAC,4.0,free text note number 565 about this particular customer,1
CUS000566,17,$91.29,1551.93,Month-to-month,No,City_48,2020-04-17,APAC,2.0,free text note number 566 about this particular customer,1
CUS000567,37,$61.26,2266.62,Two year,Yes,City_79,2022-09-10,APAC,5.0,free text note number 567 about this particular customer,1
CUS000568,67,$106.63,7144.21,Month-to-month,No,City_21,2021-09-30,APAC,4.0,free text note number 568 about this particular customer,1
CUS000569,54,$32.15,1736.1,Month-to-month,No,City_3,2021-08-11,APAC,3.0,free text note number 569 about this particular customer,0
CUS000570,58,$107.48,6233.84,N/A,Yes,City_12,2020-08-29,APAC,4.0,free text note number 570 about this particular customer,1
CUS000571,14,$53.59,750.26,N/A,No,City_60,2024-02-06,APAC,4.0,free text note number 571 about this particular customer,1
CUS000572,20,$15.00,300.0,One year,No,City_74,2023-01-09,APAC,3.0,free text note number 572 about this particular customer,1
CUS000573,19,$136.27,2589.13,Month-to-month,Yes,City_12,2021-04-19,APAC,4.0,free text note number 573 about this particular customer,1
CUS000574,54,$109.45,5910.3,Month-to-month,no,City_1,2020-08-29,APAC,5.0,free text note number 574 about this particular customer,1
CUS000575,39,$44.20,1723.8,Month-to-month,No,City_43,2020-12-22,APAC,5.0,free text note number 575 about this particular customer,1
CUS000576,15,$74.23,1113.45,Month-to-month,Yes,City_42,2021-10-31,APAC,5.0,free text note number 576 about this particular customer,1
CUS000577,54,$64.64,3490.56,Month-to-month,no,City_29,2023-08-11,APAC,2.0,free text note number 577 about this particular customer,1
CUS000578,46,$72.56,3337.76,One year,No,City_15,2023-03-30,APAC,5.0,free text note number 578 about this particular customer,0
CUS000579,64,$32.92,2106.88,Month-to-month,Yes,City_70,2023-08-02,APAC,,free text note number 579 about this particular customer,1
CUS000580,40,$52.96,2118.4,Month-to-month,Yes,City_66,2021-12-09,APAC,3.0,free text note number 580 about this particular customer,1
CUS000581,9,$81.70,735.3,Month-to-month,Yes,City_21,2020-09-01,APAC,,free text note number 581 about this particular customer,1
CUS000582,64,$75.57,4836.48,Month-to-month,Yes,City_16,2020-11-28,APAC,2.0,free text note number 582 about this particular customer,1
CUS000583,14,$99.98,1399.72,Two year,No,City_57,2021-05-21,APAC,1.0,free text note number 583 about this particular customer,1
CUS000584,4,$71.99,287.96,Month-to-month,Yes,City_33,2020-05-18,APAC,3.0,free text note number 584 about this particular customer,1
CUS000585,57,$128.73,7337.61,One year,Yes,City_75,2022-02-04,APAC,2.0,free text note number 585 about this particular customer,1
CUS000586,32,$52.11,1667.52,Month-to-month,No,City_69,2020-01-14,APAC,2.0,free text note number 586 about this particular customer,1
CUS000587,46,$76.48,3518.08,One year,Yes,City_5,2020-04-09,APAC,3.0,free text note number 587 about this particular customer,1
CUS000588,10,$22.09,220.9,One year,Yes,City_22,2022-09-26,APAC,,free text note number 588 about this particular customer,1
CUS000589,52,$38.67,,Month-to-month,Yes,City_57,2021-07-10,APAC,4.0,free text note number 589 about this particular customer,0
CUS000590,29,$103.21,2993.09,One year,Yes,City_4,2023-11-20,APAC,,free text note number 590 about this particular customer,1
CUS000591,71,$46.43,3296.53,Two year,Yes,City_6,2023-03-01,APAC,4.0,free text note number 591 about this particular customer,0
CUS000592,46,$83.27,3830.42,One year,No,City_20,2021-03-02,APAC,3.0,free text note number 592 about this particular customer,0
CUS000593,67,$68.46,4586.82,One year,no,City_62,2023-02-26,APAC,1.0,free text note number 593 about this particular customer,0
CUS000594,57,$43.89,2501.73,Month-to-month,no,City_77,2022-08-02,APAC,1.0,free text note number 594 about this particular customer,0
CUS000595,60,$61.29,3677.4,Month-to-month,No,City_68,2020-08-11,APAC,5.0,free text note number 595 about this particular customer,1
CUS000596,7,$57.14,399.98,One year,no,City_18,2022-05-21,APAC,4.0,free text note number 596 about this particular customer,0
CUS000597,56,$57.82,3237.92,Two year,no,City_11,2021-03-31,APAC,4.0,free text note number 597 about this particular customer,0
CUS000598,43,$88.84,3820.12,Month-to-month,No,City_14,2020-03-28,APAC,5.0,free text note number 598 about this particular customer,1
CUS000599,29,$86.31,2502.99,Month-to-month,no,City_70,2021-02-06,APAC,4.0,free text note number 599 about this particular customer,1
CUS000600,23,$55.56,1277.88,Month-to-month,No,City_55,2020-11-28,APAC,3.0,free text note number 600 about this particular customer,1
CUS000601,46,$47.32,2176.72,One year,no,City_35,2022-10-23,APAC,5.0,free text note number 601 about this particular customer,0
CUS000602,15,$77.06,1155.9,Month-to-month,No,City_43,2021-09-18,APAC,4.0,free text note number 602 about this particular customer,1
CUS000603,14,$67.50,945.0,Two year,no,City_24,2020-07-16,APAC,1.0,free text note number 603 about this particular customer,1
CUS000604,63,$95.71,6029.73,One year,no,City_57,2021-10-30,APAC,5.0,free text note number 604 about this particular customer,1
CUS000605,54,$136.38,7364.52,Two year,Yes,City_77,2024-01-18,APAC,3.0,free text note number 605 about this particular customer,0
CUS000606,42,$91.07,3824.94,One year,no,City_51,2022-12-26,APAC,5.0,free text note number 606 about this particular customer,1
CUS000607,54,$69.13,3733.02,One year,Yes,City_30,2020-06-23,APAC,5.0,free text note number 607 about this particular customer,1
CUS000608,23,$65.70,1511.1,Two year,No,City_22,2020-11-26,APAC,,free text note number 608 about this particular customer,1
CUS000609,52,$48.58,2526.16,Month-to-month,No,City_16,2022-03-04,APAC,2.0,free text note number 609 about this particular customer,1
CUS000610,15,$47.33,,One year,no,City_61,2022-03-07,APAC,4.0,free text note number 610 about this particular customer,1
CUS000611,32,$44.91,1437.12,Month-to-month,Yes,City_26,2022-11-21,APAC,3.0,free text note number 611 about this particular customer,1
CUS000612,11,$60.12,661.32,One year,No,City_37,2021-04-16,APAC,5.0,free text note number 612 about this particular customer,1
CUS000613,27,$59.32,1601.64,Month-to-month,No,City_72,2023-11-23,APAC,2.0,free text note number 613 about this particular customer,1
CUS000614,25,$88.59,2214.75,One year,Yes,City_76,2021-04-23,APAC,5.0,free text note number 614 about this particular customer,1
CUS000615,30,$60.03,1800.9,Month-to-month,No,City_78,2022-07-10,APAC,,free text note number 615 about this particular customer,1
CUS000616,34,$65.06,,One year,No,City_0,2022-02-27,APAC,4.0,free text note number 616 about this particular customer,1
CUS000617,3,$39.54,118.62,One year,Yes,City_36,2023-07-07,APAC,4.0,free text note number 617 about this particular customer,0
CUS000618,25,$111.11,2777.75,Two year,no,City_31,2021-06-10,APAC,4.0,free text note number 618 about this particular customer,1
CUS000619,60,$82.67,4960.2,Two year,Yes,City_39,2022-03-07,APAC,5.0,free text note number 619 about this particular customer,0
CUS000620,31,$114.72,3556.32,Month-to-month,Yes,City_41,2023-06-09,APAC,1.0,free text note number 620 about this particular customer,1
CUS000621,39,$89.92,3506.88,One year,No,City_47,2020-11-27,APAC,5.0,free text note number 621 about this particular customer,1
CUS000622,8,$107.24,857.92,Month-to-month,Yes,City_47,2022-01-10,APAC,3.0,free text note number 622 about this particular customer,1
CUS000623,28,$63.79,1786.12,Month-to-month, Yes ,City_67,2021-09-23,APAC,3.0,free text note number 623 about this particular customer,1
CUS000624,69,$87.93,6067.17,One year, Yes ,City_51,2020-12-25,APAC,5.0,free text note number 624 about this particular customer,0
CUS000625,39,$137.64,5367.96,Two year, Yes ,City_0,2022-06-29,APAC,2.0,free text note number 625 about this particular customer,1
CUS000626,2,$39.41,78.82,One year,Yes,City_24,2020-01-30,APAC,2.0,free text note number 626 about this particular customer,1
CUS000627,52,$99.41,5169.32,Month-to-month,no,City_63,2022-03-07,APAC,4.0,free text note number 627 about this particular customer,1
CUS000628,55,$112.45,,One year,No,City_61,2023-10-17,APAC,4.0,free text note number 628 about this particular customer,0
CUS000629,28,$80.53,2254.84,One year,Yes,City_77,2023-03-19,APAC,2.0,free text note number 629 about this particular customer,1
CUS000630,3,$89.13,267.39,One year,No,City_43,2022-09-06,APAC,4.0,free text note number 630 about this particular customer,1
CUS000631,59,$101.99,6017.41,Month-to-month,Yes,City_32,2022-03-20,APAC,3.0,free text note number 631 about this particular customer,1
CUS000632,18,$53.24,958.32,Two year,Yes,City_78,2023-10-05,APAC,1.0,free text note number 632 about this particular customer,1
CUS000633,66,$80.44,5309.04,Month-to-month, Yes ,City_35,2021-07-29,APAC,3.0,free text note number 633 about this particular customer,1
CUS000634,26,$47.80,1242.8,Two year,No,City_12,2020-09-20,APAC,2.0,free text note number 634 about this particular customer,1
CUS000635,28,$52.72,1476.16,One year,no,City_76,2022-02-11,APAC,3.0,free text note number 635 about this particular customer,1
CUS000636,57,$54.21,3089.97,One year,No,City_32,2022-05-04,APAC,3.0,free text note number 636 about this particular customer,0
CUS000637,10,$66.34,663.4,Two year,Yes,City_32,2022-02-18,APAC,3.0,free text note number 637 about this particular customer,1
CUS000638,3,$73.74,221.22,Two year,No,City_60,2022-10-21,APAC,,free text note number 638 about this particular customer,0
CUS000639,54,$81.58,4405.32,Two year,Yes,City_30,2020-01-15,APAC,3.0,free text note number 639 about this particular customer,0
CUS000640,66,$33.73,2226.18,Month-to-month,Yes,City_70,2021-01-25,APAC,2.0,free text note number 640 about this particular customer,0
CUS000641,71,$120.67,8567.57,Month-to-month,Yes,City_68,2021-05-07,APAC,,free text note number 641 about this particular customer,1
CUS000642,10,$99.59,995.9,One year,No,City_14,2022-08-11,APAC,4.0,free text note number 642 about this particular customer,1
CUS000643,11,$88.59,974.49,Two year,Yes,City_37,2022-05-09,APAC,,free text note number 643 about this particular customer,1
CUS000644,25,$60.84,1521.0,One year,No,City_6,2023-10-10,APAC,3.0,free text note number 644 about this particular customer,1
CUS000645,51,$67.72,3453.72,Month-to-month, Yes ,City_51,2022-12-04,APAC,4.0,free text note number 645 about this particular customer,1
CUS000646,65,$84.03,5461.95,Month-to-month,no,City_33,2021-07-28,APAC,3.0,free text note number 646 about this particular customer,1
CUS000647,59,$80.54,4751.86,Month-to-month,no,City_22,2021-10-03,APAC,,free text note number 647 about this particular customer,1
CUS000648,27,$26.97,,One year,Yes,City_1,2023-07-26,APAC,3.0,free text note number 648 about this particular customer,0
CUS000649,66,$88.98,,Two year,no,City_54,2023-01-24,APAC,,free text note number 649 about this particular customer,0
CUS000650,19,$144.71,2749.49,Month-to-month,No,City_4,2020-03-08,APAC,3.0,free text note number 650 about this particular customer,1
CUS000651,9,$22.67,204.03,Month-to-month,No,City_29,2022-01-25,APAC,5.0,free text note number 651 about this particular customer,1
CUS000652,31,$95.49,2960.19,Month-to-month,Yes,City_41,2021-01-03,APAC,4.0,free text note number 652 about this particular customer,1
CUS000653,7,$79.46,556.22,Month-to-month,Yes,City_62,2021-07-08,APAC,5.0,free text note number 653 about this particular customer,1
CUS000654,49,$67.14,3289.86,Month-to-month,No,City_25,2023-07-17,APAC,2.0,free text note number 654 about this particular customer,1
CUS000655,71,$105.18,7467.78,Month-to-month,Yes,City_39,2020-12-29,APAC,,free text note number 655 about this particular customer,1
CUS000656,8,$39.66,317.28,Month-to-month,no,City_61,2021-11-11,APAC,3.0,free text note number 656 about this particular customer,1
CUS000657,9,$74.18,667.62,Two year,No,City_73,2023-04-11,APAC,1.0,free text note number 657 about this particular customer,1
CUS000658,13,$107.55,1398.15,Month-to-month,No,City_66,2023-04-04,APAC,4.0,free text note number 658 about this particular customer,1
CUS000659,13,$64.95,844.35,Two year,no,City_43,2023-10-15,APAC,1.0,free text note number 659 about this particular customer,1
CUS000660,38,$59.27,2252.26,Month-to-month,No,City_13,2022-11-07,APAC,4.0,free text note number 660 about this particular customer,1
CUS000661,41,$72.95,2990.95,Month-to-month,Yes,City_68,2022-12-30,APAC,4.0,free text note number 661 about this particular customer,1
CUS000662,68,$58.58,3983.44,One year,No,City_62,2021-08-24,APAC,2.0,free text note number 662 about this particular customer,0
CUS000663,32,$109.73,3511.36,Month-to-month, Yes ,City_35,2020-11-26,APAC,2.0,free text note number 663 about this particular customer,1
CUS000664,66,$46.70,3082.2,Two year,Yes,City_56,2022-11-07,APAC,2.0,free text note number 664 about this particular customer,0
CUS000665,54,$92.42,4990.68,Two year,Yes,City_53,2022-11-24,APAC,4.0,free text note number 665 about this particular customer,1
CUS000666,61,$37.83,2307.63,Two year,No,City_11,2023-02-06,APAC,4.0,free text note number 666 about this particular customer,0
CUS000667,14,$87.19,1220.66,Month-to-month,no,City_21,2022-01-27,APAC,,free text note number 667 about this particular customer,1
CUS000668,33,$67.31,2221.23,One year,no,City_68,2020-04-22,APAC,3.0,free text note number 668 about this particular customer,1
CUS000669,65,$15.00,975.0,One year,no,City_46,2023-10-19,APAC,1.0,free text note number 669 about this particular customer,1
CUS000670,54,$69.85,3771.9,N/A,no,City_5,2022-10-10,APAC,4.0,free text note number 670 about this particular customer,0
CUS000671,16,$42.58,681.28,Month-to-month,No,City_53,2020-01-10,APAC,5.0,free text note number 671 about this particular customer,1
CUS000672,61,$58.58,3573.38,Month-to-month,Yes,City_30,2020-10-08,APAC,4.0,free text note number 672 about this particular customer,1
CUS000673,55,$109.54,6024.7,Two year,No,City_15,2023-03-05,APAC,3.0,free text note number 673 about this particular customer,1
CUS000674,11,$41.29,454.19,Month-to-month,Yes,City_12,2022-10-24,APAC,3.0,free text note number 674 about this particular customer,1
CUS000675,5,$42.75,213.75,Month-to-month,no,City_43,2021-11-30,APAC,4.0,free text note number 675 about this particular customer,1
CUS000676,19,$107.02,2033.38,Month-to-month,Yes,City_24,2021-09-23,APAC,5.0,free text note number 676 about this particular customer,1
CUS000677,34,$72.98,2481.32,One year,Yes,City_73,2023-07-07,APAC,2.0,free text note number 677 about this particular customer,0
CUS000678,11,$109.62,1205.82,Month-to-month, Yes ,City_24,2022-08-18,APAC,4.0,free text note number 678 about this particular customer,1
CUS000679,3,$78.32,234.96,One year,Yes,City_16,2022-06-27,APAC,5.0,free text note number 679 about this particular customer,1
CUS000680,8,$47.32,378.56,Two year,No,City_5,2020-09-14,APAC,,free text note number 680 about this particular customer,1
CUS000681,23,$68.30,1570.9,Month-to-month,Yes,City_39,2020-01-12,APAC,3.0,free text note number 681 about this particular customer,1
CUS000682,28,$101.60,2844.8,Two year, Yes ,City_18,2023-03-08,APAC,3.0,free text note number 682 about this particular customer,1
CUS000683,23,$94.19,2166.37,Two year,Yes,City_66,2022-11-03,APAC,1.0,free text note number 683 about this particular customer,1
CUS000684,32,$70.02,2240.64,Two year,No,City_53,2023-10-31,APAC,2.0,free text note number 684 about this particular customer,0
CUS000685,52,$71.25,3705.0,One year,no,City_34,2022-03-10,APAC,4.0,free text note number 685 about this particular customer,0
CUS000686,18,$67.11,1207.98,Month-to-month,Yes,City_77,2022-10-21,APAC,3.0,free text note number 686 about this particular customer,1
CUS000687,33,$55.13,1819.29,Month-to-month,Yes,City_2,2020-12-24,APAC,,free text note number 687 about this particular customer,1
CUS000688,52,$119.65,,Two year,Yes,City_14,2021-11-21,APAC,3.0,free text note number 688 about this particular customer,1
CUS000689,5,$70.18,350.9,Month-to-month,Yes,City_42,2020-07-01,APAC,5.0,free text note number 689 about this particular customer,1
CUS000690,67,$40.93,2742.31,Month-to-month,no,City_12,2020-07-05,APAC,3.0,free text note number 690 about this particular customer,0
CUS000691,71,$57.74,4099.54,One year,No,City_36,2021-08-20,APAC,5.0,free text note number 691 about this particular customer,1
CUS000692,21,$88.67,1862.07,One year,no,City_3,2020-05-08,APAC,3.0,free text note number 692 about this particular customer,1
CUS000693,64,$86.49,,One year,No,City_74,2022-04-21,APAC,2.0,free text note number 693 about this particular customer,0
CUS000694,18,$66.48,1196.64,One year,No,City_63,2021-01-17,APAC,2.0,free text note number 694 about this particular customer,1
CUS000695,66,$52.82,3486.12,Month-to-month,Yes,City_53,2021-12-18,APAC,3.0,free text note number 695 about this particular customer,1
CUS000696,47,$70.61,3318.67,One year,Yes,City_79,2022-12-13,APAC,2.0,free text note number 696 about this particular customer,1
CUS000697,18,$26.98,485.64,Month-to-month, Yes ,City_62,2020-01-26,APAC,5.0,free text note number 697 about this particular customer,1
CUS000698,5,$36.54,182.7,Month-to-month, Yes ,City_24,2021-09-30,APAC,,free text note number 698 about this particular customer,1
CUS000699,28,$90.53,2534.84,Two year,No,City_29,2020-08-09,APAC,5.0,free text note number 699 about this particular customer,1
CUS000700,53,$57.68,3057.04,Two year,no,City_49,2020-06-14,APAC,1.0,free text note number 700 about this particular customer,0
CUS000701,17,$79.64,1353.88,One year,no,City_71,2022-10-18,APAC,5.0,free text note number 701 about this particular customer,1
CUS000702,37,$101.31,3748.47,Month-to-month,Yes,City_26,2021-12-13,APAC,5.0,free text note number 702 about this particular customer,1
CUS000703,9,$86.70,780.3,Month-to-month,Yes,City_66,2022-03-29,APAC,5.0,free text note number 703 about this particular customer,1
CUS000704,31,$70.53,2186.43,Two year,no,City_76,2023-02-10,APAC,4.0,free text note number 704 about this particular customer,1
CUS000705,3,$124.70,374.1,Two year, Yes ,City_7,2023-01-19,APAC,2.0,free text note number 705 about this particular customer,1
CUS000706,71,$87.16,6188.36,Month-to-month, Yes ,City_24,2020-05-12,APAC,3.0,free text note number 706 about this particular customer,1
CUS000707,36,$60.89,2192.04,One year,No,City_52,2021-09-13,APAC,3.0,free text note number 707 about this particular customer,0
CUS000708,60,$88.82,5329.2,Month-to-month,Yes,City_29,2022-02-15,APAC,2.0,free text note number 708 about this particular customer,1
CUS000709,9,$80.48,724.32,Month-to-month,No,City_72,2021-01-20,APAC,1.0,free text note number 709 about this particular customer,1
CUS000710,12,$48.00,576.0,One year,Yes,City_39,2022-04-06,APAC,,free text note number 710 about this particular customer,1
CUS000711,13,$71.88,934.44,Month-to-month, Yes ,City_52,2023-04-12,APAC,3.0,free text note number 711 about this particular customer,1
CUS000712,41,$65.76,2696.16,Two year,No,City_21,2022-11-27,APAC,4.0,free text note number 712 about this particular customer,1
CUS000713,62,$19.46,1206.52,Two year,no,City_77,2020-11-23,APAC,2.0,free text note number 713 about this particular customer,0
CUS000714,44,$65.57,2885.08,Month-to-month,Yes,City_41,2022-08-10,APAC,5.0,free text note number 714 about this particular customer,1
CUS000715,35,$62.72,2195.2,One year, Yes ,City_20,2020-03-31,APAC,5.0,free text note number 715 about this particular customer,0
CUS000716,67,$58.73,3934.91,Month-to-month,No,City_70,2020-10-02,APAC,1.0,free text note number 716 about this particular customer,1
CUS000717,14,$27.72,388.08,Month-to-month,no,City_47,2021-07-06,APAC,2.0,free text note number 717 about this particular customer,1
CUS000718,12,$60.88,730.56,Month-to-month,No,City_34,2022-02-28,APAC,4.0,free text note number 718 about this particular customer,1
CUS000719,48,$68.98,3311.04,Month-to-month,no,City_42,2021-11-07,APAC,1.0,free text note number 719 about this particular customer,1
CUS000720,61,$72.62,4429.82,N/A,Yes,City_22,2020-12-20,APAC,1.0,free text note number 720 about this particular customer,0
CUS000721,19,$40.82,775.58,One year,Yes,City_23,2020-11-09,APAC,2.0,free text note number 721 about this particular customer,1
CUS000722,19,$86.26,1638.94,Month-to-month,No,City_18,2021-05-07,APAC,2.0,free text note number 722 about this particular customer,1
CUS000723,38,$38.76,1472.88,Month-to-month,no,City_62,2023-12-04,APAC,5.0,free text note number 723 about this particular customer,0
CUS000724,56,$64.25,,N/A, Yes ,City_28,2021-10-04,APAC,5.0,free text note number 724 about this particular customer,0
CUS000725,21,$103.54,2174.34,One year,no,City_34,2020-12-13,APAC,4.0,free text note number 725 about this particular customer,1
CUS000726,59,$52.21,3080.39,One year,No,City_58,2022-08-07,APAC,3.0,free text note number 726 about this particular customer,0
CUS000727,37,$56.87,2104.19,Month-to-month,Yes,City_51,2020-07-01,APAC,5.0,free text note number 727 about this particular customer,1
CUS000728,51,$97.58,4976.58,Two year, Yes ,City_16,2020-04-14,APAC,4.0,free text note number 728 about this particular customer,1
CUS000729,45,$60.13,2705.85,One year,No,City_62,2022-09-19,APAC,1.0,free text note number 729 about this particular customer,1
CUS000730,35,$62.37,2182.95,One year,No,City_78,2020-01-23,APAC,2.0,free text note number 730 about this particular customer,0
CUS000731,39,$75.68,2951.52,Month-to-month,no,City_58,2020-08-02,APAC,4.0,free text note number 731 about this particular customer,1
CUS000732,71,$96.96,6884.16,One year,Yes,City_59,2021-03-07,APAC,4.0,free text note number 732 about this particular customer,1
CUS000733,29,$15.00,435.0,Month-to-month,No,City_8,2021-02-23,APAC,3.0,free text note number 733 about this particular customer,1
CUS000734,68,$48.72,3312.96,Month-to-month,No,City_31,2022-06-26,APAC,4.0,free text note number 734 about this particular customer,1
CUS000735,57,$44.13,2515.41,One year,no,City_4,2021-09-12,APAC,2.0,free text note number 735 about this particular customer,0
CUS000736,13,$42.14,547.82,Two year,Yes,City_9,2022-07-26,APAC,4.0,free text note number 736 about this particular customer,1
CUS000737,63,$48.06,3027.78,Month-to-month,no,City_65,2021-02-14,APAC,2.0,free text note number 737 about this particular customer,0
CUS000738,28,$48.46,1356.88,Month-to-month, Yes ,City_13,2020-11-10,APAC,,free text note number 738 about this particular customer,1
CUS000739,13,$77.73,1010.49,Month-to-month,No,City_52,2022-09-07,APAC,5.0,free text note number 739 about this particular customer,1
CUS000740,18,$47.20,849.6,One year,Yes,City_23,2020-05-12,APAC,3.0,free text note number 740 about this particular customer,1
CUS000741,10,$73.14,731.4,One year, Yes ,City_11,2020-07-29,APAC,,free text note number 741 about this particular customer,1
CUS000742,25,$80.29,2007.25,Month-to-month,Yes,City_60,2022-01-09,APAC,4.0,free text note number 742 about this particular customer,1
CUS000743,9,$51.30,461.7,Month-to-month,Yes,City_10,2022-08-24,APAC,4.0,free text note number 743 about this particular customer,1
CUS000744,39,$73.35,,Month-to-month,no,City_73,2022-02-04,APAC,4.0,free text note number 744 about this particular customer,1
CUS000745,70,$111.94,7835.8,Month-to-month,No,City_39,2020-06-22,APAC,4.0,free text note number 745 about this particular customer,1
CUS000746,69,$78.25,5399.25,Month-to-month,No,City_77,2023-09-07,APAC,,free text note number 746 about this particular customer,1
CUS000747,67,$53.68,3596.56,Month-to-month,no,City_14,2022-05-20,APAC,5.0,free text note number 747 about this particular customer,1
CUS000748,18,$68.34,1230.12,Month-to-month,No,City_67,2022-06-10,APAC,2.0,free text note number 748 about this particular customer,1
CUS000749,17,$46.55,791.35,Two year,Yes,City_74,2024-01-08,APAC,1.0,free text note number 749 about this particular customer,1
CUS000750,49,$76.93,3769.57,Month-to-month,Yes,City_68,2022-12-19,APAC,,free text note number 750 about this particular customer,1
CUS000751,69,$92.06,6352.14,Month-to-month,no,City_17,2023-03-26,APAC,4.0,free text note number 751 about this particular customer,1
CUS000752,59,$49.05,2893.95,One year,no,City_38,2020-06-15,APAC,4.0,free text note number 752 about this particular customer,0
CUS000753,15,$64.65,969.75,Month-to-month,Yes,City_75,2023-11-20,APAC,3.0,free text note number 753 about this particular customer,1
CUS000754,53,$98.43,5216.79,N/A,No,City_4,2023-09-03,APAC,,free text note number 754 about this particular customer,1
CUS000755,36,$57.29,2062.44,Two year,no,City_57,2022-03-30,APAC,1.0,free text note number 755 about this particular customer,1
CUS000756,32,$74.80,2393.6,Month-to-month,No,City_40,2022-05-08,APAC,2.0,free text note number 756 about this particular customer,1
CUS000757,36,$43.85,1578.6,Month-to-month,Yes,City_44,2020-08-25,APAC,3.0,free text note number 757 about this particular customer,1
CUS000758,39,$49.08,1914.12,Two year,No,City_41,2021-03-28,APAC,,free text note number 758 about this particular customer,1
CUS000759,65,$56.91,3699.15,Two year, Yes ,City_53,2021-07-09,APAC,4.0,free text note number 759 about this particular customer,0
CUS000760,57,$124.41,7091.37,Two year,no,City_62,2021-11-12,APAC,4.0,free text note number 760 about this particular customer,0
CUS000761,3,$59.77,179.31,Month-to-month,Yes,City_55,2023-03-10,APAC,3.0,free text note number 761 about this particular customer,1
CUS000762,55,$56.75,,One year,no,City_3,2023-07-24,APAC,2.0,free text note number 762 about this particular customer,0
CUS000763,23,$55.92,1286.16,Two year,No,City_22,2020-07-16,APAC,1.0,free text note number 763 about this particular customer,1
CUS000764,24,$65.86,1580.64,Month-to-month,Yes,City_46,2022-04-26,APAC,2.0,free text note number 764 about this particular customer,1
CUS000765,43,$86.40,3715.2,Two year,Yes,City_39,2022-09-23,APAC,2.0,free text note number 765 about this particular customer,1
CUS000766,70,$74.74,5231.8,Month-to-month,Yes,City_44,2020-04-19,APAC,4.0,free text note number 766 about this particular customer,0
CUS000767,5,$121.45,607.25,One year,No,City_5,2021-04-28,APAC,3.0,free text note number 767 about this particular customer,1
CUS000768,37,$75.34,,Month-to-month,No,City_44,2023-09-29,APAC,,free text note number 768 about this particular customer,1
CUS000769,17,$106.19,1805.23,Month-to-month,Yes,City_3,2023-10-08,APAC,,free text note number 769 about this particular customer,1
CUS000770,65,$76.92,4999.8,Month-to-month,no,City_8,2022-12-26,APAC,4.0,free text note number 770 about this particular customer,1
CUS000771,34,$85.14,2894.76,Two year,no,City_75,2021-06-09,APAC,2.0,free text note number 771 about this particular customer,0
CUS000772,61,$33.91,2068.51,Month-to-month,No,City_64,2020-12-25,APAC,3.0,free text note number 772 about this particular customer,1
CUS000773,63,$66.82,4209.66,Two year, Yes ,City_68,2021-04-28,APAC,1.0,free text note number 773 about this particular customer,1
CUS000774,8,$68.28,546.24,Month-to-month,No,City_16,2022-04-04,APAC,4.0,free text note number 774 about this particular customer,1
CUS000775,55,$63.93,3516.15,Month-to-month, Yes ,City_60,2021-02-12,APAC,3.0,free text note number 775 about this particular customer,1
CUS000776,57,$16.18,922.26,Month-to-month,no,City_0,2021-09-26,APAC,,free text note number 776 about this particular customer,0
CUS000777,59,$92.02,5429.18,Two year,No,City_8,2022-03-20,APAC,3.0,free text note number 777 about this particular customer,0
CUS000778,71,$60.32,4282.72,Month-to-month,No,City_48,2022-12-04,APAC,5.0,free text note number 778 about this particular customer,1
CUS000779,55,$59.05,3247.75,N/A,no,City_49,2023-11-29,APAC,3.0,free text note number 779 about this particular customer,0
CUS000780,60,$63.62,3817.2,Month-to-month,no,City_4,2020-03-18,APAC,4.0,free text note number 780 about this particular customer,1
CUS000781,51,$64.30,3279.3,Two year,no,City_57,2022-03-21,APAC,3.0,free text note number 781 about this particular customer,0
CUS000782,21,$80.18,1683.78,One year,No,City_70,2022-05-15,APAC,5.0,free text note number 782 about this particular customer,1
CUS000783,61,$38.22,2331.42,Month-to-month,No,City_34,2023-01-17,APAC,2.0,free text note number 783 about this particular customer,1
CUS000784,50,$46.72,2336.0,Month-to-month,Yes,City_45,2020-08-29,APAC,2.0,free text note number 784 about this particular customer,1
CUS000785,49,$77.27,3786.23,N/A, Yes ,City_30,2022-02-19,APAC,1.0,free text note number 785 about this particular customer,1
CUS000786,70,$73.64,5154.8,Month-to-month, Yes ,City_73,2020-06-26,APAC,3.0,free text note number 786 about this particular customer,1
CUS000787,53,$60.58,3210.74,Month-to-month,No,City_58,2020-05-04,APAC,4.0,free text note number 787 about this particular customer,1
CUS000788,25,$55.65,1391.25,One year,No,City_53,2021-01-21,APAC,3.0,free text note number 788 about this particular customer,0
CUS000789,22,$49.14,1081.08,One year,Yes,City_0,2022-05-29,APAC,5.0,free text note number 789 about this particular customer,1
CUS000790,24,$68.54,1644.96,Month-to-month, Yes ,City_53,2021-11-15,APAC,4.0,free text note number 790 about this particular customer,1
CUS000791,12,$99.52,1194.24,Month-to-month,No,City_37,2022-06-10,APAC,4.0,free text note number 791 about this particular customer,1
CUS000792,6,$43.55,261.3,Two year, Yes ,City_56,2021-11-22,APAC,3.0,free text note number 792 about this particular customer,1
CUS000793,54,$108.08,5836.32,Month-to-month,No,City_20,2022-06-13,APAC,1.0,free text note number 793 about this particular customer,1
CUS000794,56,$91.10,5101.6,Month-to-month,No,City_10,2022-09-05,APAC,4.0,free text note number 794 about this particular customer,1
CUS000795,12,$58.68,704.16,Month-to-month,no,City_35,2021-03-23,APAC,2.0,free text note number 795 about this particular customer,1
CUS000796,28,$89.58,2508.24,Month-to-month,no,City_37,2020-09-30,APAC,1.0,free text note number 796 about this particular customer,1
CUS000797,66,$33.35,2201.1,Month-to-month,no,City_44,2021-02-04,APAC,2.0,free text note number 797 about this particular customer,1
CUS000798,60,$26.71,1602.6,Month-to-month,No,City_3,2023-09-23,APAC,2.0,free text note number 798 about this particular customer,1
CUS000799,43,$37.76,1623.68,Month-to-month,No,City_33,2021-05-08,APAC,4.0,free text note number 799 about this particular customer,1
CUS000800,69,$59.76,4123.44,Month-to-month, Yes ,City_52,2023-11-20,APAC,3.0,free text note number 800 about this particular customer,0
CUS000801,24,$61.86,1484.64,One year,No,City_70,2020-02-16,APAC,3.0,free text note number 801 about this particular customer,1
CUS000802,60,$57.12,3427.2,N/A,no,City_9,2023-05-17,APAC,3.0,free text note number 802 about this particular customer,1
CUS000803,67,$72.49,4856.83,Month-to-month,No,City_70,2020-08-29,APAC,,free text note number 803 about this particular customer,0
CUS000804,43,$16.62,714.66,Month-to-month,no,City_25,2020-05-23,APAC,3.0,free text note number 804 about this particular customer,1
CUS000805,12,$82.38,988.56,Month-to-month,Yes,City_60,2021-03-06,APAC,3.0,free text note number 805 about this particular customer,1
CUS000806,21,$34.52,724.92,One year,Yes,City_7,2020-06-06,APAC,3.0,free text note number 806 about this particular customer,1
CUS000807,37,$53.48,1978.76,Month-to-month,Yes,City_63,2022-02-07,APAC,3.0,free text note number 807 about this particular customer,1
CUS000808,20,$59.68,1193.6,Month-to-month,No,City_78,2022-11-29,APAC,3.0,free text note number 808 about this particular customer,1
CUS000809,7,$41.09,287.63,Month-to-month,No,City_40,2023-09-29,APAC,5.0,free text note number 809 about this particular customer,1
CUS000810,13,$35.73,464.49,Month-to-month, Yes ,City_48,2022-03-18,APAC,,free text note number 810 about this particular customer,1
CUS000811,69,$44.85,3094.65,Two year, Yes ,City_21,2022-11-17,APAC,3.0,free text note number 811 about this particular customer,0
CUS000812,28,$69.70,,Month-to-month,Yes,City_12,2022-10-13,APAC,5.0,free text note number 812 about this particular customer,1
CUS000813,41,$84.75,3474.75,Month-to-month,no,City_65,2022-02-13,APAC,2.0,free text note number 813 about this particular customer,1
CUS000814,32,$84.11,2691.52,Month-to-month,No,City_73,2023-10-17,APAC,3.0,free text note number 814 about this particular customer,1
CUS000815,58,$45.14,2618.12,Two year,no,City_9,2022-12-11,APAC,5.0,free text note number 815 about this particular customer,0
CUS000816,8,$50.21,401.68,Month-to-month,No,City_61,2020-08-29,APAC,1.0,free text note number 816 about this particular customer,1
CUS000817,21,$46.98,986.58,N/A,no,City_47,2021-10-28,APAC,,free text note number 817 about this particular customer,1
CUS000818,42,$81.25,,Two year,Yes,City_61,2022-10-07,APAC,3.0,free text note number 818 about this particular customer,0
CUS000819,57,$19.06,1086.42,Month-to-month,No,City_50,2020-03-11,APAC,3.0,free text note number 819 about this particular customer,1
CUS000820,33,$100.96,3331.68,Month-to-month,No,City_74,2020-07-17,APAC,,free text note number 820 about this particular customer,1
CUS000821,50,$57.88,2894.0,One year,Yes,City_8,2022-10-26,APAC,,free text note number 821 about this particular customer,0
CUS000822,57,$50.41,2873.37,Month-to-month,No,City_1,2021-11-16,APAC,2.0,free text note number 822 about this particular customer,0
CUS000823,46,$78.49,3610.54,Month-to-month,No,City_16,2022-11-24,APAC,3.0,free text note number 823 about this particular customer,1
CUS000824,59,$95.82,,Month-to-month,No,City_7,2021-01-24,APAC,4.0,free text note number 824 about this particular customer,1
CUS000825,68,$78.56,5342.08,N/A,No,City_53,2022-09-09,APAC,3.0,free text note number 825 about this particular customer,0
CUS000826,16,$96.32,1541.12,Two year,no,City_43,2024-01-16,APAC,,free text note number 826 about this particular customer,1
CUS000827,31,$73.36,2274.16,Two year,no,City_68,2023-07-02,APAC,2.0,free text note number 827 about this particular customer,1
CUS000828,17,$100.74,1712.58,One year, Yes ,City_72,2021-04-04,APAC,,free text note number 828 about this particular customer,1
CUS000829,30,$101.13,3033.9,Month-to-month,No,City_31,2023-03-18,APAC,4.0,free text note number 829 about this particular customer,1
CUS000830,1,$67.51,67.51,Two year,Yes,City_65,2023-09-22,APAC,4.0,free text note number 830 about this particular customer,1
CUS000831,50,$105.98,5299.0,One year,No,City_42,2023-05-28,APAC,4.0,free text note number 831 about this particular customer,0
CUS000832,17,$74.12,1260.04,Two year,No,City_67,2022-10-27,APAC,3.0,free text note number 832 about this particular customer,1
CUS000833,60,$72.17,4330.2,One year,Yes,City_56,2020-03-10,APAC,3.0,free text note number 833 about this particular customer,0
CUS000834,52,$46.96,2441.92,One year,No,City_37,2022-11-17,APAC,2.0,free text note number 834 about this particular customer,0
CUS000835,24,$62.78,1506.72,One year,Yes,City_46,2024-02-08,APAC,5.0,free text note number 835 about this particular customer,0
CUS000836,33,$89.44,2951.52,Month-to-month,No,City_17,2021-06-06,APAC,3.0,free text note number 836 about this particular customer,1
CUS000837,48,$37.18,1784.64,Month-to-month,Yes,City_37,2022-06-01,APAC,2.0,free text note number 837 about this particular customer,1
CUS000838,30,$86.24,2587.2,Month-to-month,No,City_3,2021-04-13,APAC,5.0,free text note number 838 about this particular customer,1
CUS000839,15,$78.72,1180.8,Two year,No,City_51,2022-06-08,APAC,3.0,free text note number 839 about this particular customer,1
CUS000840,4,$76.94,307.76,Two year,Yes,City_6,2021-04-04,APAC,,free text note number 840 about this particular customer,1
CUS000841,40,$15.00,600.0,One year,Yes,City_56,2022-07-08,APAC,3.0,free text note number 841 about this particular customer,0
CUS000842,38,$67.42,2561.96,Month-to-month, Yes ,City_72,2021-10-02,APAC,4.0,free text note number 842 about this particular customer,1
CUS000843,55,$86.21,4741.55,Month-to-month,No,City_64,2021-02-09,APAC,5.0,free text note number 843 about this particular customer,1
CUS000844,10,$50.93,509.3,Month-to-month,Yes,City_31,2022-12-20,APAC,4.0,free text note number 844 about this particular customer,1
CUS000845,5,$72.26,361.3,Month-to-month,No,City_44,2021-03-30,APAC,,free text note number 845 about this particular customer,1
CUS000846,53,$15.00,795.0,Month-to-month,no,City_51,2022-03-01,APAC,5.0,free text note number 846 about this particular customer,1
CUS000847,52,$86.78,4512.56,Month-to-month,Yes,City_52,2023-08-08,APAC,5.0,free text note number 847 about this particular customer,1
CUS000848,57,$53.44,3046.08,One year,No,City_34,2023-09-23,APAC,4.0,free text note number 848 about this particular customer,0
CUS000849,2,$91.78,183.56,One year,Yes,City_15,2022-06-19,APAC,2.0,free text note number 849 about this particular customer,1
CUS000850,47,$23.93,1124.71,Month-to-month,No,City_13,2023-06-11,APAC,2.0,free text note number 850 about this particular customer,1
CUS000851,69,$87.31,6024.39,Month-to-month,no,City_12,2023-12-11,APAC,2.0,free text note number 851 about this particular customer,1
CUS000852,55,$64.08,,Month-to-month,Yes,City_1,2021-01-22,APAC,4.0,free text note number 852 about this particular customer,0
CUS000853,34,$90.19,3066.46,Month-to-month,Yes,City_64,2020-11-08,APAC,,free text note number 853 about this particular customer,1
CUS000854,34,$46.86,,One year,Yes,City_33,2021-01-15,APAC,4.0,free text note number 854 about this particular customer,0
CUS000855,30,$54.54,1636.2,Month-to-month,No,City_17,2022-05-28,APAC,3.0,free text note number 855 about this particular customer,1
CUS000856,4,$126.06,504.24,Two year,Yes,City_66,2020-06-14,APAC,2.0,free text note number 856 about this particular customer,1
CUS000857,52,$49.25,2561.0,Month-to-month,No,City_34,2022-06-19,APAC,3.0,free text note number 857 about this particular customer,1
CUS000858,39,$52.35,2041.65,Month-to-month,no,City_61,2021-02-18,APAC,2.0,free text note number 858 about this particular customer,1
CUS000859,38,$63.09,2397.42,One year,no,City_70,2020-02-25,APAC,3.0,free text note number 859 about this particular customer,1
CUS000860,67,$44.44,2977.48,Two year,No,City_26,2020-01-18,APAC,3.0,free text note number 860 about this particular customer,0
CUS000861,52,$99.76,5187.52,Two year,Yes,City_11,2022-07-28,APAC,,free text note number 861 about this particular customer,0
CUS000862,69,$113.13,,Month-to-month,No,City_10,2021-10-24,APAC,3.0,free text note number 862 about this particular customer,1
CUS000863,7,$52.40,366.8,Month-to-month,Yes,City_54,2021-07-30,APAC,5.0,free text note number 863 about this particular customer,1
CUS000864,68,$26.85,1825.8,Month-to-month,No,City_48,2021-06-27,APAC,1.0,free text note number 864 about this particular customer,1
CUS000865,40,$99.30,3972.0,Two year,Yes,City_19,2021-10-06,APAC,3.0,free text note number 865 about this particular customer,1
CUS000866,29,$97.71,2833.59,One year,Yes,City_51,2022-06-05,APAC,4.0,free text note number 866 about this particular customer,0
CUS000867,40,$90.54,3621.6,One year, Yes ,City_50,2020-10-05,APAC,3.0,free text note number 867 about this particular customer,1
CUS000868,3,$98.91,296.73,Month-to-month,no,City_70,2024-01-19,APAC,1.0,free text note number 868 about this particular customer,1
CUS000869,67,$48.31,3236.77,Two year,Yes,City_65,2022-06-10,APAC,3.0,free text note number 869 about this particular customer,0
CUS000870,45,$65.79,2960.55,Month-to-month,no,City_25,2020-09-18,APAC,4.0,free text note number 870 about this particular customer,1
CUS000871,3,$35.40,106.2,One year,Yes,City_65,2022-10-07,APAC,,free text note number 871 about this particular customer,1
CUS000872,65,$34.55,2245.75,One year,No,City_49,2021-08-09,APAC,2.0,free text note number 872 about this particular customer,0
CUS000873,33,$94.53,3119.49,Two year, Yes ,City_62,2023-08-31,APAC,1.0,free text note number 873 about this particular customer,1
CUS000874,9,$53.20,478.8,Two year, Yes ,City_73,2023-11-07,APAC,5.0,free text note number 874 about this particular customer,1
CUS000875,45,$126.99,5714.55,Month-to-month,No,City_41,2023-06-16,APAC,4.0,free text note number 875 about this particular customer,1
CUS000876,5,$71.85,359.25,Month-to-month,no,City_9,2022-12-20,APAC,3.0,free text note number 876 about this particular customer,1
CUS000877,40,$53.99,2159.6,Two year,No,City_43,2024-01-10,APAC,3.0,free text note number 877 about this particular customer,0
CUS000878,55,$89.95,4947.25,One year,no,City_71,2021-08-27,APAC,3.0,free text note number 878 about this particular customer,1
CUS000879,6,$115.03,690.18,Month-to-month,No,City_13,2024-01-03,APAC,4.0,free text note number 879 about this particular customer,1
CUS000880,57,$82.15,4682.55,Month-to-month,Yes,City_19,2021-01-12,APAC,5.0,free text note number 880 about this particular customer,1
CUS000881,43,$39.57,1701.51,Two year,Yes,City_9,2022-11-16,APAC,3.0,free text note number 881 about this particular customer,1
CUS000882,24,$79.28,1902.72,Two year,No,City_65,2023-07-27,APAC,,free text note number 882 about this particular customer,1
CUS000883,16,$104.39,1670.24,One year,No,City_59,2021-02-25,APAC,3.0,free text note number 883 about this particular customer,1
CUS000884,1,$57.67,57.67,Month-to-month, Yes ,City_32,2022-08-17,APAC,3.0,free text note number 884 about this particular customer,1
CUS000885,14,$50.66,709.24,One year,Yes,City_4,2022-03-21,APAC,3.0,free text note number 885 about this particular customer,1
CUS000886,21,$95.41,2003.61,Two year,no,City_74,2023-06-08,APAC,1.0,free text note number 886 about this particular customer,1
CUS000887,63,$73.50,4630.5,One year, Yes ,City_74,2020-05-05,APAC,2.0,free text note number 887 about this particular customer,0
CUS000888,37,$42.44,1570.28,One year,no,City_23,2022-02-21,APAC,3.0,free text note number 888 about this particular customer,0
CUS000889,15,$60.51,907.65,Two year,Yes,City_14,2022-04-29,APAC,3.0,free text note number 889 about this particular customer,1
CUS000890,53,$51.11,2708.83,One year,Yes,City_70,2021-09-10,APAC,3.0,free text note number 890 about this particular customer,0
CUS000891,33,$77.41,2554.53,Month-to-month,Yes,City_57,2021-04-03,APAC,5.0,free text note number 891 about this particular customer,1
CUS000892,60,$72.74,4364.4,Month-to-month,No,City_30,2023-01-10,APAC,3.0,free text note number 892 about this particular customer,0
CUS000893,54,$98.76,,One year,no,City_35,2022-03-15,APAC,5.0,free text note number 893 about this particular customer,0
CUS000894,67,$87.74,5878.58,Two year,Yes,City_53,2023-06-14,APAC,3.0,free text note number 894 about this particular customer,1
CUS000895,51,$30.91,1576.41,Two year,No,City_49,2023-01-30,APAC,3.0,free text note number 895 about this particular customer,0
CUS000896,8,$80.17,641.36,Month-to-month,Yes,City_12,2023-06-10,APAC,1.0,free text note number 896 about this particular customer,1
CUS000897,40,$92.42,3696.8,Month-to-month,No,City_60,2020-03-31,APAC,5.0,free text note number 897 about this particular customer,1
CUS000898,31,$81.40,,One year,Yes,City_18,2022-11-28,APAC,3.0,free text note number 898 about this particular customer,0
CUS000899,58,$95.75,5553.5,Two year,no,City_23,2023-08-07,APAC,4.0,free text note number 899 about this particular customer,1
CUS000900,11,$56.26,618.86,Month-to-month,No,City_67,2023-03-30,APAC,4.0,free text note number 900 about this particular customer,1
CUS000901,34,$46.23,1571.82,One year,Yes,City_66,2020-02-26,APAC,3.0,free text note number 901 about this particular customer,1
CUS000902,59,$93.25,5501.75,Month-to-month,No,City_56,2020-01-04,APAC,2.0,free text note number 902 about this particular customer,1
CUS000903,45,$43.36,1951.2,Two year,No,City_60,2022-01-04,APAC,5.0,free text note number 903 about this particular customer,0
CUS000904,3,$16.01,48.03,Month-to-month,No,City_16,2023-05-12,APAC,3.0,free text note number 904 about this particular customer,1
CUS000905,59,$95.63,,Month-to-month,No,City_46,2020-11-23,APAC,2.0,free text note number 905 about this particular customer,1
CUS000906,27,$51.90,1401.3,One year,Yes,City_6,2021-12-20,APAC,1.0,free text note number 906 about this particular customer,1
CUS000907,49,$62.35,3055.15,Month-to-month,No,City_45,2020-02-28,APAC,4.0,free text note number 907 about this particular customer,1
CUS000908,47,$35.05,1647.35,Month-to-month,no,City_60,2021-10-30,APAC,4.0,free text note number 908 about this particular customer,1
CUS000909,46,$36.86,1695.56,Month-to-month,no,City_30,2021-12-20,APAC,3.0,free text note number 909 about this particular customer,1
CUS000910,30,$41.09,1232.7,Month-to-month,no,City_49,2021-08-22,APAC,2.0,free text note number 910 about this particular customer,1
CUS000911,29,$60.98,1768.42,Month-to-month,No,City_77,2021-01-27,APAC,5.0,free text note number 911 about this particular customer,1
CUS000912,8,$79.25,634.0,Month-to-month,no,City_22,2022-10-24,APAC,4.0,free text note number 912 about this particular customer,1
CUS000913,40,$15.00,600.0,One year,Yes,City_31,2020-04-30,APAC,2.0,free text note number 913 about this particular customer,0
CUS000914,21,$88.80,1864.8,Month-to-month, Yes ,City_36,2023-03-21,APAC,5.0,free text note number 914 about this particular customer,1
CUS000915,29,$40.45,1173.05,One year,Yes,City_19,2023-05-21,APAC,1.0,free text note number 915 about this particular customer,0
CUS000916,12,$43.34,,Two year,no,City_41,2020-06-26,APAC,5.0,free text note number 916 about this particular customer,1
CUS000917,53,$86.95,4608.35,One year,no,City_44,2021-01-03,APAC,5.0,free text note number 917 about this particular customer,1
CUS000918,66,$68.13,4496.58,Month-to-month,No,City_33,2022-02-19,APAC,2.0,free text note number 918 about this particular customer,1
CUS000919,28,$31.59,884.52,Two year,no,City_73,2023-11-08,APAC,,free text note number 919 about this particular customer,0
CUS000920,31,$116.11,3599.41,Month-to-month, Yes ,City_71,2023-09-30,APAC,,free text note number 920 about this particular customer,1
CUS000921,34,$48.48,1648.32,Month-to-month,Yes,City_74,2022-07-01,APAC,2.0,free text note number 921 about this particular customer,1
CUS000922,6,$76.18,457.08,Month-to-month,No,City_44,2020-03-17,APAC,4.0,free text note number 922 about this particular customer,1
CUS000923,54,$75.00,4050.0,One year,Yes,City_46,2021-06-16,APAC,3.0,free text note number 923 about this particular customer,0
CUS000924,63,$105.28,6632.64,Month-to-month,No,City_7,2022-02-21,APAC,2.0,free text note number 924 about this particular customer,1
CUS000925,36,$58.61,2109.96,Month-to-month,Yes,City_31,2020-03-31,APAC,2.0,free text note number 925 about this particular customer,1
CUS000926,5,$95.20,476.0,One year,No,City_27,2021-10-03,APAC,2.0,free text note number 926 about this particular customer,1
CUS000927,25,$51.45,1286.25,Month-to-month,Yes,City_59,2023-07-07,APAC,4.0,free text note number 927 about this particular customer,1
CUS000928,12,$98.05,1176.6,Month-to-month,No,City_63,2020-03-01,APAC,4.0,free text note number 928 about this particular customer,1
CUS000929,59,$50.93,3004.87,N/A,no,City_44,2020-06-12,APAC,,free text note number 929 about this particular customer,1
CUS000930,57,$60.94,3473.58,Month-to-month,No,City_1,2023-02-25,APAC,3.0,free text note number 930 about this particular customer,1
CUS000931,28,$117.40,3287.2,Month-to-month, Yes ,City_65,2023-03-10,APAC,3.0,free text note number 931 about this particular customer,1
CUS000932,27,$77.92,2103.84,One year,No,City_41,2023-12-11,APAC,3.0,free text note number 932 about this particular customer,1
CUS000933,60,$72.74,4364.4,Month-to-month,Yes,City_66,2022-03-03,APAC,3.0,free text note number 933 about this particular customer,1
CUS000934,7,$126.05,882.35,Month-to-month, Yes ,City_25,2021-05-09,APAC,4.0,free text note number 934 about this particular customer,1
CUS000935,56,$79.03,4425.68,One year,Yes,City_56,2021-11-14,APAC,5.0,free text note number 935 about this particular customer,0
CUS000936,69,$49.60,3422.4,Two year,No,City_60,2021-06-05,APAC,4.0,free text note number 936 about this particular customer,0
CUS000937,32,$88.37,2827.84,One year, Yes ,City_77,2020-04-30,APAC,2.0,free text note number 937 about this particular customer,1
CUS000938,54,$40.46,2184.84,Month-to-month, Yes ,City_73,2023-09-10,APAC,3.0,free text note number 938 about this particular customer,0
CUS000939,51,$98.21,5008.71,Two year,No,City_51,2021-09-22,APAC,4.0,free text note number 939 about this particular customer,0
CUS000940,64,$100.15,6409.6,Month-to-month,Yes,City_6,2021-07-25,APAC,5.0,free text note number 940 about this particular customer,1
CUS000941,3,$55.68,167.04,Two year,No,City_77,2020-01-25,APAC,5.0,free text note number 941 about this particular customer,1
CUS000942,51,$54.30,2769.3,Month-to-month,Yes,City_21,2021-05-17,APAC,3.0,free text note number 942 about this particular customer,1
CUS000943,28,$74.41,2083.48,Month-to-month,No,City_52,2023-02-18,APAC,3.0,free text note number 943 about this particular customer,1
CUS000944,62,$70.35,4361.7,Two year,No,City_32,2020-01-26,APAC,1.0,free text note number 944 about this particular customer,1
CUS000945,62,$45.56,2824.72,One year,Yes,City_17,2022-11-26,APAC,4.0,free text note number 945 about this particular customer,0
CUS000946,21,$84.20,1768.2,Two year,Yes,City_72,2021-05-17,APAC,3.0,free text note number 946 about this particular customer,1
CUS000947,42,$18.95,795.9,Two year,no,City_50,2020-07-22,APAC,4.0,free text note number 947 about this particular customer,0
CUS000948,36,$59.18,2130.48,Month-to-month,Yes,City_27,2021-09-22,APAC,4.0,free text note number 948 about this particular customer,1
CUS000949,40,$59.90,2396.0,Month-to-month,No,City_61,2022-02-03,APAC,2.0,free text note number 949 about this particular customer,1
CUS000950,60,$63.17,3790.2,One year,No,City_77,2023-02-16,APAC,1.0,free text note number 950 about this particular customer,0
CUS000951,48,$77.68,3728.64,Month-to-month,No,City_33,2020-09-24,APAC,4.0,free text note number 951 about this particular customer,1
CUS000952,54,$39.30,2122.2,Month-to-month,No,City_27,2023-04-26,APAC,4.0,free text note number 952 about this particular customer,1
CUS000953,49,$84.71,4150.79,Two year,No,City_13,2022-12-04,APAC,,free text note number 953 about this particular customer,0
CUS000954,18,$65.50,1179.0,Month-to-month,no,City_27,2022-09-16,APAC,4.0,free text note number 954 about this particular customer,1
CUS000955,42,$53.74,2257.08,Month-to-month,No,City_28,2020-10-10,APAC,1.0,free text note number 955 about this particular customer,1
CUS000956,27,$35.83,,Month-to-month,no,City_73,2020-10-24,APAC,1.0,free text note number 956 about this particular customer,1
CUS000957,30,$40.42,1212.6,Month-to-month,No,City_62,2020-09-16,APAC,,free text note number 957 about this particular customer,1
CUS000958,8,$79.01,632.08,Month-to-month,no,City_33,2022-11-24,APAC,4.0,free text note number 958 about this particular customer,1
CUS000959,14,$45.90,642.6,Month-to-month,no,City_16,2021-03-02,APAC,2.0,free text note number 959 about this particular customer,1
CUS000960,25,$71.60,1790.0,Two year,no,City_54,2023-01-30,APAC,3.0,free text note number 960 about this particular customer,1
CUS000961,21,$96.55,,Month-to-month,No,City_0,2023-12-28,APAC,2.0,free text note number 961 about this particular customer,1
CUS000962,46,$95.82,4407.72,One year,No,City_49,2023-06-20,APAC,5.0,free text note number 962 about this particular customer,0
CUS000963,21,$109.01,2289.21,Month-to-month,Yes,City_70,2023-05-12,APAC,4.0,free text note number 963 about this particular customer,1
CUS000964,18,$62.59,1126.62,Month-to-month,no,City_35,2022-07-21,APAC,,free text note number 964 about this particular customer,1
CUS000965,31,$42.87,,N/A,No,City_77,2021-08-27,APAC,4.0,free text note number 965 about this particular customer,1
CUS000966,41,$95.51,3915.91,Month-to-month,no,City_57,2021-04-26,APAC,3.0,free text note number 966 about this particular customer,1
CUS000967,71,$77.74,5519.54,Two year,Yes,City_69,2023-04-06,APAC,,free text note number 967 about this particular customer,0
CUS000968,37,$98.10,3629.7,Month-to-month,Yes,City_29,2022-05-31,APAC,3.0,free text note number 968 about this particular customer,1
CUS000969,26,$70.28,1827.28,One year,No,City_64,2021-06-26,APAC,4.0,free text note number 969 about this particular customer,1
CUS000970,23,$99.89,,One year,no,City_32,2021-09-14,APAC,2.0,free text note number 970 about this particular customer,1
CUS000971,32,$91.16,2917.12,Month-to-month,Yes,City_58,2020-10-08,APAC,3.0,free text note number 971 about this particular customer,1
CUS000972,66,$87.91,5802.06,Month-to-month,Yes,City_30,2020-07-02,APAC,4.0,free text note number 972 about this particular customer,1
CUS000973,27,$82.59,2229.93,Month-to-month,No,City_44,2023-09-07,APAC,3.0,free text note number 973 about this particular customer,1
CUS000974,18,$79.94,1438.92,Month-to-month,No,City_2,2024-01-29,APAC,5.0,free text note number 974 about this particular customer,1
CUS000975,42,$75.83,3184.86,Month-to-month,Yes,City_52,2020-02-24,APAC,4.0,free text note number 975 about this particular customer,1
CUS000976,55,$75.65,4160.75,Month-to-month,Yes,City_72,2020-07-20,APAC,,free text note number 976 about this particular customer,0
CUS000977,68,$94.75,6443.0,Month-to-month,Yes,City_59,2023-04-04,APAC,4.0,free text note number 977 about this particular customer,0
CUS000978,20,$57.20,1144.0,Month-to-month,Yes,City_22,2021-09-09,APAC,4.0,free text note number 978 about this particular customer,1
CUS000979,64,$113.39,7256.96,Month-to-month,Yes,City_26,2023-12-10,APAC,4.0,free text note number 979 about this particular customer,1
CUS000980,61,$67.34,4107.74,Month-to-month,Yes,City_77,2023-09-18,APAC,2.0,free text note number 980 about this particular customer,1
CUS000981,27,$94.63,2555.01,Month-to-month,No,City_16,2020-05-06,APAC,3.0,free text note number 981 about this particular customer,1
CUS000982,24,$67.74,1625.76,One year,no,City_53,2022-01-28,APAC,5.0,free text note number 982 about this particular customer,1
CUS000983,19,$63.83,,Month-to-month,No,City_55,2023-07-12,APAC,4.0,free text note number 983 about this particular customer,1
CUS000984,23,$120.81,2778.63,Two year,No,City_51,2020-04-12,APAC,5.0,free text note number 984 about this particular customer,1
CUS000985,63,$62.27,3923.01,Month-to-month,No,City_48,2023-03-16,APAC,3.0,free text note number 985 about this particular customer,1
CUS000986,23,$38.07,,Two year,Yes,City_78,2021-02-23,APAC,2.0,free text note number 986 about this particular customer,1
CUS000987,36,$52.15,1877.4,N/A,Yes,City_79,2020-03-04,APAC,5.0,free text note number 987 about this particular customer,1
CUS000988,67,$62.07,4158.69,Month-to-month,Yes,City_31,2022-09-08,APAC,3.0,free text note number 988 about this particular customer,1
CUS000989,49,$123.88,6070.12,Month-to-month, Yes ,City_33,2021-10-28,APAC,5.0,free text note number 989 about this particular customer,1
CUS000990,10,$75.17,751.7,Two year,no,City_18,2020-10-27,APAC,1.0,free text note number 990 about this particular customer,1
CUS000991,6,$93.37,560.22,Month-to-month,No,City_33,2021-01-25,APAC,3.0,free text note number 991 about this particular customer,1
CUS000992,16,$44.96,719.36,Two year,No,City_73,2023-01-19,APAC,4.0,free text note number 992 about this particular customer,1
CUS000993,62,$78.82,4886.84,One year,no,City_9,2021-07-30,APAC,,free text note number 993 about this particular customer,0
CUS000994,17,$86.79,1475.43,Month-to-month,no,City_9,2023-07-10,APAC,2.0,free text note number 994 about this particular customer,1
CUS000995,23,$115.04,2645.92,N/A,Yes,City_1,2021-07-26,APAC,,free text note number 995 about this particular customer,1
CUS000996,39,$52.59,2051.01,Month-to-month,no,City_25,2020-04-05,APAC,4.0,free text note number 996 about this particular customer,1
CUS000997,36,$85.09,3063.24,N/A,No,City_11,2021-08-14,APAC,2.0,free text note number 997 about this particular customer,1
CUS000998,6,$77.56,465.36,N/A,Yes,City_54,2020-08-30,APAC,1.0,free text note number 998 about this particular customer,1
CUS000999,15,$44.46,666.9,Month-to-month,Yes,City_47,2020-01-15,APAC,,free text note number 999 about this particular customer,1
CUS001000,71,$69.51,4935.21,Two year,Yes,City_71,2023-09-23,APAC,4.0,free text note number 1000 about this particular customer,0
CUS001001,30,$63.41,1902.3,Month-to-month,No,City_77,2021-02-10,APAC,4.0,free text note number 1001 about this particular customer,1
CUS001002,20,$15.00,300.0,Month-to-month, Yes ,City_22,2024-01-21,APAC,3.0,free text note number 1002 about this particular customer,1
CUS001003,59,$84.97,5013.23,One year,no,City_9,2021-03-11,APAC,1.0,free text note number 1003 about this particular customer,1
CUS001004,34,$83.51,2839.34,Month-to-month,Yes,City_74,2024-01-04,APAC,3.0,free text note number 1004 about this particular customer,1
CUS001005,59,$59.03,3482.77,One year,Yes,City_12,2022-09-01,APAC,4.0,free text note number 1005 about this particular customer,0
CUS001006,12,$36.54,438.48,Month-to-month,Yes,City_6,2020-07-14,APAC,3.0,free text note number 1006 about this particular customer,1
CUS001007,34,$107.00,3638.0,Month-to-month,Yes,City_54,2022-11-09,APAC,,free text note number 1007 about this particular customer,1
CUS001008,58,$76.65,4445.7,Month-to-month,Yes,City_60,2020-01-03,APAC,5.0,free text note number 1008 about this particular customer,1
CUS001009,55,$95.42,5248.1,Month-to-month,no,City_24,2023-01-30,APAC,1.0,free text note number 1009 about this particular customer,1
CUS001010,49,$105.26,5157.74,Two year,No,City_41,2021-10-24,APAC,3.0,free text note number 1010 about this particular customer,1
CUS001011,33,$56.98,1880.34,One year,No,City_3,2022-08-13,APAC,,free text note number 1011 about this particular customer,0
CUS001012,59,$90.30,5327.7,Month-to-month,No,City_24,2020-04-28,APAC,4.0,free text note number 1012 about this particular customer,1
CUS001013,27,$63.97,1727.19,One year, Yes ,City_71,2023-09-03,APAC,5.0,free text note number 1013 about this particular customer,1
CUS001014,47,$68.44,3216.68,Two year,No,City_62,2020-08-23,APAC,2.0,free text note number 1014 about this particular customer,1
CUS001015,39,$67.86,2646.54,Month-to-month,Yes,City_11,2022-04-14,APAC,5.0,free text note number 1015 about this particular customer,1
CUS001016,22,$69.97,1539.34,Two year,no,City_74,2020-03-25,APAC,4.0,free text note number 1016 about this particular customer,1
CUS001017,15,$97.85,1467.75,Month-to-month,Yes,City_34,2021-04-15,APAC,3.0,free text note number 1017 about this particular customer,1
CUS001018,38,$73.10,,One year,No,City_24,2023-11-21,APAC,4.0,free text note number 1018 about this particular customer,1
CUS001019,23,$66.16,1521.68,Month-to-month,Yes,City_60,2020-03-01,APAC,2.0,free text note number 1019 about this particular customer,1
CUS001020,37,$63.09,2334.33,Month-to-month,No,City_25,2020-02-26,APAC,5.0,free text note number 1020 about this particular customer,1
CUS001021,51,$78.53,4005.03,Month-to-month,No,City_62,2022-12-26,APAC,1.0,free text note number 1021 about this particular customer,1
CUS001022,57,$47.63,2714.91,One year,No,City_1,2021-08-17,APAC,3.0,free text note number 1022 about this particular customer,0
CUS001023,55,$57.43,3158.65,Month-to-month,Yes,City_76,2022-04-23,APAC,4.0,free text note number 1023 about this particular customer,1
CUS001024,37,$68.69,2541.53,One year, Yes ,City_62,2022-10-11,APAC,3.0,free text note number 1024 about this particular customer,1
CUS001025,5,$55.85,279.25,Two year,Yes,City_47,2020-09-02,APAC,5.0,free text note number 1025 about this particular customer,1
CUS001026,13,$67.04,871.52,N/A,Yes,City_78,2022-07-10,APAC,5.0,free text note number 1026 about this particular customer,1
CUS001027,53,$54.73,2900.69,Month-to-month,No,City_11,2022-02-06,APAC,4.0,free text note number 1027 about this particular customer,1
CUS001028,43,$120.10,5164.3,One year,Yes,City_5,2021-06-20,APAC,3.0,free text note number 1028 about this particular customer,1
CUS001029,59,$103.23,6090.57,Month-to-month,Yes,City_6,2023-11-17,APAC,3.0,free text note number 1029 about this particular customer,1
CUS001030,35,$81.25,2843.75,Month-to-month,No,City_41,2020-05-13,APAC,3.0,free text note number 1030 about this particular customer,1
CUS001031,32,$68.66,2197.12,Month-to-month,No,City_51,2022-06-27,APAC,3.0,free text note number 1031 about this particular customer,1
CUS001032,18,$124.77,2245.86,One year,No,City_30,2020-04-20,APAC,1.0,free text note number 1032 about this particular customer,1
CUS001033,5,$78.07,,Two year,No,City_42,2021-04-08,APAC,3.0,free text note number 1033 about this particular customer,1
CUS001034,11,$67.83,746.13,Two year,No,City_68,2021-08-16,APAC,4.0,free text note number 1034 about this particular customer,1
CUS001035,49,$77.58,3801.42,Two year,no,City_19,2023-04-25,APAC,4.0,free text note number 1035 about this particular customer,0
CUS001036,42,$77.65,3261.3,Month-to-month,Yes,City_12,2023-01-03,APAC,3.0,free text note number 1036 about this particular customer,1
CUS001037,18,$105.26,1894.68,Two year,Yes,City_13,2021-08-15,APAC,3.0,free text note number 1037 about this particular customer,1
CUS001038,26,$69.53,1807.78,One year,No,City_65,2023-06-17,APAC,2.0,free text note number 1038 about this particular customer,1
CUS001039,46,$122.48,5634.08,Month-to-month,No,City_28,2020-01-23,APAC,1.0,free text note number 1039 about this particular customer,1
CUS001040,28,$47.95,1342.6,Two year,no,City_74,2022-11-21,APAC,2.0,free text note number 1040 about this particular customer,0
CUS001041,27,$87.35,2358.45,Month-to-month,Yes,City_23,2020-04-29,APAC,4.0,free text note number 1041 about this particular customer,1
CUS001042,20,$44.95,899.0,One year,No,City_48,2021-05-06,APAC,,free text note number 1042 about this particular customer,1
CUS001043,46,$115.43,5309.78,One year,No,City_28,2023-12-13,APAC,4.0,free text note number 1043 about this particular customer,1
CUS001044,64,$61.74,3951.36,Two year,Yes,City_33,2020-08-03,APAC,3.0,free text note number 1044 about this particular customer,0
CUS001045,19,$68.55,1302.45,One year,no,City_28,2020-05-20,APAC,4.0,free text note number 1045 about this particular customer,1
CUS001046,21,$93.11,1955.31,Two year,Yes,City_17,2020-05-16,APAC,2.0,free text note number 1046 about this particular customer,1
CUS001047,34,$101.38,3446.92,Month-to-month,no,City_60,2023-03-21,APAC,1.0,free text note number 1047 about this particular customer,1
CUS001048,14,$42.20,590.8,Month-to-month,no,City_33,2021-11-26,APAC,1.0,free text note number 1048 about this particular customer,1
CUS001049,38,$61.35,2331.3,Month-to-month, Yes ,City_36,2020-02-16,APAC,4.0,free text note number 1049 about this particular customer,1
CUS001050,63,$35.13,2213.19,One year,Yes,City_42,2021-08-29,APAC,4.0,free text note number 1050 about this particular customer,0
CUS001051,45,$73.43,3304.35,Month-to-month,Yes,City_67,2021-09-27,APAC,2.0,free text note number 1051 about this particular customer,1
CUS001052,12,$67.47,809.64,Month-to-month,Yes,City_35,2020-06-03,APAC,,free text note number 1052 about this particular customer,1
CUS001053,15,$61.28,919.2,N/A,No,City_40,2021-02-27,APAC,2.0,free text note number 1053 about this particular customer,1
CUS001054,6,$52.89,317.34,One year, Yes ,City_43,2021-10-08,APAC,4.0,free text note number 1054 about this particular customer,1
CUS001055,69,$60.35,,Month-to-month,No,City_23,2021-05-31,APAC,4.0,free text note number 1055 about this particular customer,1
CUS001056,25,$51.34,1283.5,One year,Yes,City_2,2022-04-11,APAC,1.0,free text note number 1056 about this particular customer,1
CUS001057,21,$83.22,1747.62,Month-to-month,Yes,City_73,2020-05-16,APAC,3.0,free text note number 1057 about this particular customer,1
CUS001058,61,$107.90,6581.9,Two year,no,City_7,2021-09-19,APAC,4.0,free text note number 1058 about this particular customer,0
CUS001059,22,$21.73,478.06,One year,No,City_52,2021-08-25,APAC,4.0,free text note number 1059 about this particular customer,0
CUS001060,17,$67.10,1140.7,Month-to-month,Yes,City_66,2023-07-16,APAC,4.0,free text note number 1060 about this particular customer,1
CUS001061,19,$59.55,1131.45,Month-to-month,No,City_67,2023-02-12,APAC,4.0,free text note number 1061 about this particular customer,1
CUS001062,29,$82.31,2386.99,Month-to-month,Yes,City_29,2022-10-19,APAC,1.0,free text note number 1062 about this particular customer,1
CUS001063,5,$46.21,231.05,Month-to-month,Yes,City_18,2022-02-26,APAC,1.0,free text note number 1063 about this particular customer,1
CUS001064,46,$66.34,3051.64,Month-to-month,Yes,City_3,2023-04-17,APAC,5.0,free text note number 1064 about this particular customer,1
CUS001065,31,$44.01,1364.31,Month-to-month, Yes ,City_77,2020-07-17,APAC,2.0,free text note number 1065 about this particular customer,1
CUS001066,69,$87.42,6031.98,Month-to-month,No,City_73,2023-01-02,APAC,3.0,free text note number 1066 about this particular customer,1
CUS001067,55,$72.48,3986.4,Month-to-month,No,City_50,2023-04-23,APAC,5.0,free text note number 1067 about this particular customer,1
CUS001068,28,$65.96,1846.88,Month-to-month,Yes,City_15,2023-02-09,APAC,1.0,free text note number 1068 about this particular customer,1
CUS001069,51,$79.25,4041.75,Two year,No,City_29,2023-07-30,APAC,5.0,free text note number 1069 about this particular customer,0
CUS001070,58,$63.84,3702.72,One year,No,City_75,2023-05-12,APAC,4.0,free text note number 1070 about this particular customer,0
CUS001071,14,$31.15,436.1,Month-to-month,no,City_20,2021-11-15,APAC,3.0,free text note number 1071 about this particular customer,1
CUS001072,12,$84.89,1018.68,Month-to-month, Yes ,City_71,2023-09-13,APAC,2.0,free text note number 1072 about this particular customer,1
CUS001073,10,$77.21,772.1,Month-to-month,Yes,City_7,2021-06-22,APAC,4.0,free text note number 1073 about this particular customer,1
CUS001074,4,$66.15,264.6,Month-to-month,Yes,City_35,2020-12-26,APAC,5.0,free text note number 1074 about this particular customer,1
CUS001075,23,$94.62,2176.26,Month-to-month,No,City_2,2020-01-27,APAC,2.0,free text note number 1075 about this particular customer,1
CUS001076,57,$100.46,5726.22,Month-to-month,No,City_29,2020-03-01,APAC,2.0,free text note number 1076 about this particular customer,1
CUS001077,55,$42.69,2347.95,Month-to-month,no,City_15,2020-04-15,APAC,3.0,free text note number 1077 about this particular customer,1
CUS001078,27,$50.47,1362.69,One year,No,City_78,2020-05-22,APAC,5.0,free text note number 1078 about this particular customer,1
CUS001079,35,$108.68,3803.8,Month-to-month,No,City_24,2021-07-16,APAC,3.0,free text note number 1079 about this particular customer,1
CUS001080,55,$105.47,,One year,No,City_22,2021-04-13,APAC,3.0,free text note number 1080 about this particular customer,1
CUS001081,66,$51.54,3401.64,Month-to-month,No,City_42,2020-06-18,APAC,,free text note number 1081 about this particular customer,0
CUS001082,20,$40.48,809.6,Month-to-month,No,City_27,2022-06-13,APAC,4.0,free text note number 1082 about this particular customer,1
CUS001083,47,$54.06,,Month-to-month,Yes,City_31,2023-12-25,APAC,5.0,free text note number 1083 about this particular customer,1
CUS001084,43,$57.55,2474.65,Month-to-month,no,City_30,2020-02-18,APAC,4.0,free text note number 1084 about this particular customer,1
CUS001085,45,$30.40,1368.0,Month-to-month,Yes,City_3,2022-08-24,APAC,4.0,free text note number 1085 about this particular customer,1
CUS001086,57,$70.78,4034.46,Month-to-month,no,City_29,2023-05-03,APAC,3.0,free text note number 1086 about this particular customer,1
CUS001087,55,$38.00,2090.0,Two year,Yes,City_11,2021-04-14,APAC,4.0,free text note number 1087 about this particular customer,0
CUS001088,29,$39.74,1152.46,Month-to-month,Yes,City_4,2021-08-22,APAC,5.0,free text note number 1088 about this particular customer,1
CUS001089,54,$92.90,5016.6,Month-to-month,No,City_1,2022-05-27,APAC,2.0,free text note number 1089 about this particular customer,1
CUS001090,4,$52.92,211.68,N/A, Yes ,City_45,2021-03-15,APAC,3.0,free text note number 1090 about this particular customer,1
CUS001091,25,$68.21,1705.25,One year,No,City_3,2020-09-09,APAC,2.0,free text note number 1091 about this particular customer,1
CUS001092,16,$85.73,1371.68,Two year,No,City_26,2023-05-01,APAC,5.0,free text note number 1092 about this particular customer,1
CUS001093,19,$90.33,1716.27,One year,No,City_23,2023-10-07,APAC,3.0,free text note number 1093 about this particular customer,1
CUS001094,65,$61.57,4002.05,Month-to-month,Yes,City_32,2023-05-13,APAC,3.0,free text note number 1094 about this particular customer,1
CUS001095,32,$71.10,2275.2,One year,Yes,City_51,2022-01-21,APAC,4.0,free text note number 1095 about this particular customer,0
CUS001096,6,$49.36,296.16,Two year, Yes ,City_37,2023-07-17,APAC,,free text note number 1096 about this particular customer,1
CUS001097,35,$113.68,,Month-to-month, Yes ,City_12,2022-11-15,APAC,1.0,free text note number 1097 about this particular customer,1
CUS001098,5,$86.25,431.25,One year,Yes,City_78,2022-10-12,APAC,2.0,free text note number 1098 about this particular customer,1
CUS001099,11,$42.42,466.62,One year, Yes ,City_70,2020-09-30,APAC,5.0,free text note number 1099 about this particular customer,1
CUS001100,28,$70.10,1962.8,Month-to-month,Yes,City_36,2020-04-03,APAC,3.0,free text note number 1100 about this particular customer,1
CUS001101,32,$87.84,2810.88,Month-to-month,no,City_78,2021-12-11,APAC,3.0,free text note number 1101 about this particular customer,1
CUS001102,17,$81.99,1393.83,One year,Yes,City_21,2020-10-02,APAC,,free text note number 1102 about this particular customer,1
CUS001103,46,$115.73,5323.58,Month-to-month,No,City_49,2022-12-06,APAC,2.0,free text note number 1103 about this particular customer,1
CUS001104,36,$104.31,3755.16,Month-to-month,No,City_78,2022-07-01,APAC,1.0,free text note number 1104 about this particular customer,1
CUS001105,10,$56.52,565.2,Month-to-month,No,City_3,2021-08-04,APAC,,free text note number 1105 about this particular customer,1
CUS001106,59,$67.77,,Two year, Yes ,City_12,2022-02-17,APAC,5.0,free text note number 1106 about this particular customer,0
CUS001107,10,$37.96,379.6,Month-to-month,No,City_14,2020-04-07,APAC,4.0,free text note number 1107 about this particular customer,1
CUS001108,26,$76.24,1982.24,Month-to-month,Yes,City_68,2022-02-12,APAC,3.0,free text note number 1108 about this particular customer,1
CUS001109,13,$73.78,959.14,Month-to-month,Yes,City_40,2021-12-04,APAC,5.0,free text note number 1109 about this particular customer,1
CUS001110,67,$137.59,9218.53,Two year,no,City_35,2020-06-01,APAC,2.0,free text note number 1110 about this particular customer,0
CUS001111,21,$72.44,1521.24,Month-to-month,Yes,City_74,2023-05-21,APAC,3.0,free text note number 1111 about this particular customer,1
CUS001112,62,$17.67,1095.54,One year,Yes,City_47,2022-02-11,APAC,2.0,free text note number 1112 about this particular customer,0
CUS001113,69,$53.20,3670.8,Month-to-month,Yes,City_78,2021-11-24,APAC,3.0,free text note number 1113 about this particular customer,0
CUS001114,16,$72.81,1164.96,One year, Yes ,City_79,2022-11-19,APAC,1.0,free text note number 1114 about this particular customer,1
CUS001115,2,$38.60,77.2,Month-to-month,No,City_58,2024-01-09,APAC,3.0,free text note number 1115 about this particular customer,1
CUS001116,1,$48.32,48.32,One year,Yes,City_2,2022-01-17,APAC,3.0,free text note number 1116 about this particular customer,1
CUS001117,14,$60.86,852.04,Month-to-month,No,City_71,2022-04-19,APAC,,free text note number 1117 about this particular customer,1
CUS001118,29,$78.55,2277.95,One year,No,City_19,2022-11-07,APAC,3.0,free text note number 1118 about this particular customer,1
CUS001119,12,$65.87,790.44,Month-to-month,No,City_7,2023-08-17,APAC,4.0,free text note number 1119 about this particular customer,1
CUS001120,68,$47.77,3248.36,Month-to-month, Yes ,City_14,2021-06-24,APAC,2.0,free text note number 1120 about this particular customer,1
CUS001121,34,$89.69,3049.46,Month-to-month,No,City_40,2020-02-18,APAC,3.0,free text note number 1121 about this particular customer,1
CUS001122,61,$56.51,3447.11,Month-to-month,No,City_48,2022-10-12,APAC,2.0,free text note number 1122 about this particular customer,1
CUS001123,2,$57.52,115.04,Month-to-month, Yes ,City_38,2022-08-05,APAC,,free text note number 1123 about this particular customer,1
CUS001124,10,$35.51,355.1,Month-to-month,No,City_43,2020-08-07,APAC,2.0,free text note number 1124 about this particular customer,1
CUS001125,33,$50.35,1661.55,Month-to-month,No,City_17,2022-02-04,APAC,4.0,free text note number 1125 about this particular customer,1
CUS001126,12,$86.29,1035.48,Month-to-month,no,City_8,2022-06-07,APAC,5.0,free text note number 1126 about this particular customer,1
CUS001127,12,$29.56,354.72,Two year, Yes ,City_45,2021-06-20,APAC,,free text note number 1127 about this particular customer,1
CUS001128,2,$68.22,136.44,Month-to-month,no,City_60,2020-06-06,APAC,4.0,free text note number 1128 about this particular customer,1
CUS001129,20,$87.94,1758.8,Month-to-month,No,City_45,2023-09-15,APAC,2.0,free text note number 1129 about this particular customer,1
CUS001130,55,$60.57,3331.35,One year,No,City_49,2022-08-05,APAC,,free text note number 1130 about this particular customer,0
CUS001131,57,$75.99,4331.43,Two year,Yes,City_77,2020-05-17,APAC,4.0,free text note number 1131 about this particular customer,0
CUS001132,37,$42.08,1556.96,One year,Yes,City_30,2020-05-24,APAC,4.0,free text note number 1132 about this particular customer,0
CUS001133,14,$102.76,1438.64,Month-to-month,no,City_5,2021-12-30,APAC,5.0,free text note number 1133 about this particular customer,1
CUS001134,32,$97.53,,Month-to-month,No,City_21,2023-07-02,APAC,1.0,free text note number 1134 about this particular customer,1
CUS001135,44,$75.89,3339.16,Month-to-month,no,City_23,2021-04-04,APAC,4.0,free text note number 1135 about this particular customer,1
CUS001136,11,$26.12,287.32,One year,No,City_53,2020-11-17,APAC,5.0,free text note number 1136 about this particular customer,1
CUS001137,29,$43.85,1271.65,Month-to-month,No,City_13,2023-12-11,APAC,4.0,free text note number 1137 about this particular customer,1
CUS001138,59,$94.42,,Month-to-month,no,City_52,2022-08-28,APAC,2.0,free text note number 1138 about this particular customer,1
CUS001139,30,$112.83,3384.9,N/A,No,City_17,2023-03-18,APAC,,free text note number 1139 about this particular customer,1
CUS001140,34,$77.42,2632.28,Two year,No,City_38,2021-05-18,APAC,2.0,free text note number 1140 about this particular customer,1
CUS001141,58,$101.18,,Month-to-month,No,City_25,2020-10-28,APAC,3.0,free text note number 1141 about this particular customer,1
CUS001142,48,$54.81,2630.88,One year,No,City_61,2020-06-21,APAC,5.0,free text note number 1142 about this particular customer,0
CUS001143,12,$65.27,783.24,One year,no,City_29,2020-07-10,APAC,,free text note number 1143 about this particular customer,1
CUS001144,44,$70.03,3081.32,Month-to-month,Yes,City_28,2022-04-04,APAC,3.0,free text note number 1144 about this particular customer,1
CUS001145,66,$80.58,5318.28,One year, Yes ,City_76,2020-02-05,APAC,3.0,free text note number 1145 about this particular customer,0
CUS001146,16,$31.78,508.48,Month-to-month, Yes ,City_5,2022-02-24,APAC,5.0,free text note number 1146 about this particular customer,1
CUS001147,64,$93.52,5985.28,Month-to-month,no,City_26,2020-09-26,APAC,4.0,free text note number 1147 about this particular customer,1
CUS001148,42,$103.06,4328.52,Month-to-month,No,City_26,2023-03-05,APAC,2.0,free text note number 1148 about this particular customer,1
CUS001149,48,$41.28,1981.44,Month-to-month,No,City_38,2023-10-25,APAC,3.0,free text note number 1149 about this particular customer,1
CUS001150,24,$36.12,866.88,One year,No,City_16,2023-03-15,APAC,4.0,free text note number 1150 about this particular customer,1
CUS001151,4,$78.76,315.04,Month-to-month,No,City_13,2023-08-02,APAC,4.0,free text note number 1151 about this particular customer,1
CUS001152,2,$53.64,107.28,Month-to-month,Yes,City_1,2023-08-02,APAC,3.0,free text note number 1152 about this particular customer,1
CUS001153,48,$15.00,720.0,Month-to-month,no,City_17,2023-04-14,APAC,2.0,free text note number 1153 about this particular customer,1
CUS001154,70,$90.21,6314.7,Two year,no,City_55,2021-12-29,APAC,5.0,free text note number 1154 about this particular customer,0
CUS001155,43,$73.89,3177.27,Month-to-month,No,City_17,2021-08-23,APAC,3.0,free text note number 1155 about this particular customer,1
CUS001156,26,$58.08,1510.08,Month-to-month,no,City_20,2021-11-20,APAC,2.0,free text note number 1156 about this particular customer,1
CUS001157,55,$122.84,6756.2,One year,Yes,City_45,2021-12-23,APAC,3.0,free text note number 1157 about this particular customer,0
CUS001158,68,$73.47,4995.96,Two year,no,City_39,2020-09-24,APAC,2.0,free text note number 1158 about this particular customer,0
CUS001159,16,$51.16,818.56,One year, Yes ,City_24,2022-05-12,APAC,2.0,free text note number 1159 about this particular customer,0
CUS001160,8,$72.53,580.24,Month-to-month,No,City_22,2020-05-12,APAC,3.0,free text note number 1160 about this particular customer,1
CUS001161,68,$44.00,2992.0,Month-to-month, Yes ,City_22,2023-04-30,APAC,2.0,free text note number 1161 about this particular customer,1
CUS001162,4,$50.96,203.84,Month-to-month,no,City_1,2020-05-11,APAC,4.0,free text note number 1162 about this particular customer,1
CUS001163,63,$79.66,5018.58,Two year,No,City_41,2020-01-07,APAC,2.0,free text note number 1163 about this particular customer,0
CUS001164,11,$56.15,617.65,One year,No,City_39,2023-08-14,APAC,3.0,free text note number 1164 about this particular customer,1
CUS001165,9,$58.73,528.57,Month-to-month,Yes,City_1,2020-09-28,APAC,,free text note number 1165 about this particular customer,1
CUS001166,20,$111.72,2234.4,Two year,Yes,City_29,2020-04-06,APAC,3.0,free text note number 1166 about this particular customer,1
CUS001167,23,$91.49,2104.27,Month-to-month,no,City_69,2022-05-22,APAC,5.0,free text note number 1167 about this particular customer,1
CUS001168,24,$90.07,2161.68,Month-to-month,Yes,City_42,2020-03-08,APAC,2.0,free text note number 1168 about this particular customer,1
CUS001169,3,$83.22,249.66,One year,No,City_4,2020-07-31,APAC,5.0,free text note number 1169 about this particular customer,1
CUS001170,61,$82.11,5008.71,Two year,Yes,City_46,2021-09-27,APAC,1.0,free text note number 1170 about this particular customer,0
CUS001171,59,$106.41,6278.19,Month-to-month,no,City_32,2023-11-08,APAC,,free text note number 1171 about this particular customer,1
CUS001172,49,$69.51,3405.99,Month-to-month, Yes ,City_68,2023-07-01,APAC,,free text note number 1172 about this particular customer,1
CUS001173,65,$116.39,,Month-to-month,No,City_79,2020-03-07,APAC,4.0,free text note number 1173 about this particular customer,1
CUS001174,67,$46.21,3096.07,One year,Yes,City_12,2021-06-08,APAC,2.0,free text note number 1174 about this particular customer,1
CUS001175,71,$63.62,4517.02,Month-to-month,no,City_13,2023-12-31,APAC,5.0,free text note number 1175 about this particular customer,1
CUS001176,27,$35.54,959.58,One year,No,City_62,2020-08-09,APAC,5.0,free text note number 1176 about this particular customer,1
CUS001177,44,$61.41,2702.04,One year,no,City_3,2020-11-17,APAC,4.0,free text note number 1177 about this particular customer,1
CUS001178,55,$82.96,4562.8,Month-to-month,Yes,City_50,2023-05-10,APAC,5.0,free text note number 1178 about this particular customer,1
CUS001179,48,$106.28,5101.44,Two year,Yes,City_38,2020-10-17,APAC,3.0,free text note number 1179 about this particular customer,1
CUS001180,57,$53.42,3044.94,Month-to-month, Yes ,City_5,2020-07-13,APAC,5.0,free text note number 1180 about this particular customer,1
CUS001181,49,$70.13,,One year,no,City_50,2021-09-28,APAC,2.0,free text note number 1181 about this particular customer,0
CUS001182,28,$61.02,1708.56,Month-to-month, Yes ,City_61,2023-09-04,APAC,4.0,free text note number 1182 about this particular customer,1
CUS001183,41,$51.54,2113.14,Month-to-month,No,City_30,2022-08-14,APAC,3.0,free text note number 1183 about this particular customer,1
CUS001184,15,$40.27,604.05,Month-to-month,No,City_12,2024-01-02,APAC,2.0,free text note number 1184 about this particular customer,1
CUS001185,68,$71.52,4863.36,Month-to-month, Yes ,City_17,2024-01-09,APAC,3.0,free text note number 1185 about this particular customer,0
CUS001186,64,$26.70,1708.8,Month-to-month,No,City_7,2022-07-23,APAC,5.0,free text note number 1186 about this particular customer,1
CUS001187,44,$72.76,3201.44,Month-to-month,Yes,City_55,2021-12-15,APAC,1.0,free text note number 1187 about this particular customer,1
CUS001188,55,$70.52,3878.6,Month-to-month,Yes,City_41,2023-12-03,APAC,3.0,free text note number 1188 about this particular customer,1
CUS001189,24,$53.56,1285.44,Month-to-month,Yes,City_47,2023-09-09,APAC,3.0,free text note number 1189 about this particular customer,1
CUS001190,28,$44.73,1252.44,Month-to-month,Yes,City_44,2022-04-04,APAC,2.0,free text note number 1190 about this particular customer,1
CUS001191,37,$35.39,1309.43,One year,Yes,City_27,2023-08-28,APAC,1.0,free text note number 1191 about this particular customer,0
CUS001192,19,$116.78,2218.82,Two year,No,City_66,2021-10-15,APAC,3.0,free text note number 1192 about this particular customer,1
CUS001193,2,$36.45,72.9,Month-to-month,No,City_49,2024-01-16,APAC,3.0,free text note number 1193 about this particular customer,1
CUS001194,29,$108.94,3159.26,Two year,no,City_21,2021-07-29,APAC,3.0,free text note number 1194 about this particular customer,1
CUS001195,52,$85.00,4420.0,One year,No,City_67,2021-06-23,APAC,3.0,free text note number 1195 about this particular customer,1
CUS001196,19,$60.90,1157.1,Month-to-month,Yes,City_16,2021-07-16,APAC,2.0,free text note number 1196 about this particular customer,1
CUS001197,50,$41.07,2053.5,Month-to-month, Yes ,City_41,2021-12-12,APAC,4.0,free text note number 1197 about this particular customer,1
CUS001198,43,$96.06,4130.58,Two year, Yes ,City_10,2020-01-04,APAC,,free text note number 1198 about this particular customer,1
CUS001199,30,$113.24,3397.2,Month-to-month, Yes ,City_31,2020-02-02,APAC,3.0,free text note number 1199 about this particular customer,1
CUS001200,52,$46.65,2425.8,Month-to-month,Yes,City_56,2022-03-10,APAC,3.0,free text note number 1200 about this particular customer,1
CUS001201,61,$62.53,3814.33,One year,No,City_49,2021-07-29,APAC,4.0,free text note number 1201 about this particular customer,0
CUS001202,68,$96.29,6547.72,One year,No,City_70,2023-12-16,APAC,3.0,free text note number 1202 about this particular customer,0
CUS001203,54,$78.39,4233.06,N/A,No,City_40,2021-06-14,APAC,2.0,free text note number 1203 about this particular customer,1
CUS001204,7,$120.00,840.0,Month-to-month,Yes,City_11,2022-05-03,APAC,4.0,free text note number 1204 about this particular customer,1
CUS001205,24,$55.75,1338.0,Month-to-month, Yes ,City_7,2020-07-05,APAC,3.0,free text note number 1205 about this particular customer,1
CUS001206,38,$83.56,3175.28,Month-to-month,No,City_76,2020-06-04,APAC,1.0,free text note number 1206 about this particular customer,1
CUS001207,6,$38.73,232.38,Month-to-month,Yes,City_72,2023-06-02,APAC,3.0,free text note number 1207 about this particular customer,1
CUS001208,30,$122.40,3672.0,One year,No,City_69,2022-06-14,APAC,5.0,free text note number 1208 about this particular customer,1
CUS001209,10,$51.74,517.4,Two year,no,City_9,2021-02-22,APAC,1.0,free text note number 1209 about this particular customer,1
CUS001210,40,$15.00,600.0,Month-to-month,Yes,City_10,2023-08-13,APAC,5.0,free text note number 1210 about this particular customer,1
CUS001211,14,$66.86,936.04,Month-to-month,no,City_59,2020-07-15,APAC,4.0,free text note number 1211 about this particular customer,1
CUS001212,20,$66.51,1330.2,Month-to-month,Yes,City_72,2022-11-25,APAC,5.0,free text note number 1212 about this particular customer,1
CUS001213,22,$117.89,2593.58,Month-to-month,No,City_34,2020-06-22,APAC,4.0,free text note number 1213 about this particular customer,1
CUS001214,70,$61.53,4307.1,One year,Yes,City_55,2020-05-28,APAC,4.0,free text note number 1214 about this particular customer,0
CUS001215,32,$69.68,2229.76,Two year,Yes,City_62,2020-02-06,APAC,5.0,free text note number 1215 about this particular customer,1
CUS001216,40,$84.84,3393.6,Month-to-month,no,City_72,2022-06-11,APAC,2.0,free text note number 1216 about this particular customer,1
CUS001217,66,$109.66,7237.56,One year,No,City_41,2023-02-06,APAC,2.0,free text note number 1217 about this particular customer,0
CUS001218,1,$68.42,68.42,Two year,no,City_65,2021-01-18,APAC,4.0,free text note number 1218 about this particular customer,1
CUS001219,20,$95.99,,Month-to-month,no,City_65,2022-03-08,APAC,3.0,free text note number 1219 about this particular customer,1
CUS001220,31,$82.95,2571.45,Two year,Yes,City_50,2023-02-21,APAC,4.0,free text note number 1220 about this particular customer,1
CUS001221,64,$62.59,4005.76,One year,Yes,City_37,2022-02-24,APAC,3.0,free text note number 1221 about this particular customer,0
CUS001222,52,$71.94,3740.88,One year,No,City_1,2020-07-29,APAC,,free text note number 1222 about this particular customer,0
CUS001223,49,$70.72,3465.28,Month-to-month,Yes,City_19,2021-09-12,APAC,4.0,free text note number 1223 about this particular customer,1
CUS001224,27,$47.10,1271.7,Month-to-month,no,City_8,2023-01-02,APAC,4.0,free text note number 1224 about this particular customer,1
CUS001225,61,$100.34,6120.74,Month-to-month,Yes,City_61,2023-12-16,APAC,1.0,free text note number 1225 about this particular customer,1
CUS001226,14,$35.36,495.04,Two year,no,City_67,2023-05-10,APAC,3.0,free text note number 1226 about this particular customer,1
CUS001227,29,$99.28,2879.12,Two year,Yes,City_66,2021-07-21,APAC,3.0,free text note number 1227 about this particular customer,1
CUS001228,26,$93.86,2440.36,Month-to-month,Yes,City_22,2020-06-20,APAC,,free text note number 1228 about this particular customer,1
CUS001229,1,$67.67,67.67,Month-to-month,Yes,City_40,2021-12-13,APAC,2.0,free text note number 1229 about this particular customer,1
CUS001230,7,$50.86,356.02,Month-to-month,no,City_29,2021-04-22,APAC,4.0,free text note number 1230 about this particular customer,1
CUS001231,56,$64.34,3603.04,One year,No,City_74,2022-11-01,APAC,4.0,free text note number 1231 about this particular customer,0
CUS001232,68,$81.82,5563.76,One year,No,City_17,2020-12-04,APAC,4.0,free text note number 1232 about this particular customer,0
CUS001233,18,$88.58,1594.44,Two year,Yes,City_56,2023-10-25,APAC,5.0,free text note number 1233 about this particular customer,1
CUS001234,6,$77.17,463.02,One year,No,City_27,2020-06-11,APAC,3.0,free text note number 1234 about this particular customer,1
CUS001235,11,$94.80,1042.8,Month-to-month,no,City_74,2023-07-11,APAC,2.0,free text note number 1235 about this particular customer,1
CUS001236,5,$56.06,280.3,Month-to-month,No,City_32,2020-12-21,APAC,2.0,free text note number 1236 about this particular customer,1
CUS001237,57,$75.86,4324.02,One year,no,City_15,2023-08-15,APAC,4.0,free text note number 1237 about this particular customer,1
CUS001238,4,$30.79,123.16,Two year,No,City_28,2023-11-13,APAC,4.0,free text note number 1238 about this particular customer,1
CUS001239,49,$89.09,4365.41,Month-to-month,Yes,City_75,2020-10-01,APAC,3.0,free text note number 1239 about this particular customer,1
CUS001240,57,$73.83,4208.31,Month-to-month, Yes ,City_36,2023-11-30,APAC,,free text note number 1240 about this particular customer,1
CUS001241,16,$59.61,953.76,Month-to-month,Yes,City_61,2023-11-17,APAC,3.0,free text note number 1241 about this particular customer,1
CUS001242,17,$99.04,1683.68,Month-to-month,Yes,City_8,2021-05-01,APAC,2.0,free text note number 1242 about this particular customer,1
CUS001243,19,$87.29,1658.51,Month-to-month,No,City_75,2023-05-20,APAC,4.0,free text note number 1243 about this particular customer,1
CUS001244,54,$15.00,810.0,Month-to-month,Yes,City_35,2020-05-19,APAC,4.0,free text note number 1244 about this particular customer,1
CUS001245,67,$71.00,4757.0,Month-to-month,no,City_27,2021-05-09,APAC,5.0,free text note number 1245 about this particular customer,1
CUS001246,54,$33.62,1815.48,Month-to-month,no,City_19,2020-02-04,APAC,4.0,free text note number 1246 about this particular customer,1
CUS001247,20,$96.67,1933.4,Two year,No,City_44,2023-04-23,APAC,1.0,free text note number 1247 about this particular customer,1
CUS001248,51,$132.23,6743.73,Two year,No,City_56,2020-11-17,APAC,3.0,free text note number 1248 about this particular customer,1
CUS001249,50,$57.04,,Month-to-month,No,City_71,2023-11-30,APAC,2.0,free text note number 1249 about this particular customer,1
CUS001250,31,$71.86,2227.66,One year,Yes,City_41,2022-09-18,APAC,2.0,free text note number 1250 about this particular customer,1
CUS001251,10,$63.72,637.2,One year,Yes,City_53,2023-01-19,APAC,5.0,free text note number 1251 about this particular customer,1
CUS001252,23,$78.77,1811.71,Month-to-month,No,City_63,2021-06-15,APAC,,free text note number 1252 about this particular customer,1
CUS001253,58,$86.11,4994.38,Month-to-month,Yes,City_23,2023-01-13,APAC,5.0,free text note number 1253 about this particular customer,1
CUS001254,37,$102.18,3780.66,Month-to-month,Yes,City_61,2023-10-21,APAC,2.0,free text note number 1254 about this particular customer,1
CUS001255,9,$45.31,407.79,Month-to-month,No,City_23,2023-06-11,APAC,3.0,free text note number 1255 about this particular customer,1
CUS001256,65,$109.29,7103.85,Month-to-month,No,City_37,2020-01-10,APAC,5.0,free text note number 1256 about this particular customer,1
CUS001257,37,$46.71,1728.27,Two year,No,City_75,2023-08-11,APAC,5.0,free text note number 1257 about this particular customer,1
CUS001258,25,$76.93,1923.25,Month-to-month,Yes,City_41,2022-03-04,APAC,1.0,free text note number 1258 about this particular customer,1
CUS001259,3,$98.96,296.88,Month-to-month,no,City_53,2023-03-17,APAC,3.0,free text note number 1259 about this particular customer,1
CUS001260,41,$87.83,3601.03,One year,no,City_60,2023-07-18,APAC,4.0,free text note number 1260 about this particular customer,0
CUS001261,40,$46.54,,Month-to-month,No,City_4,2020-04-26,APAC,2.0,free text note number 1261 about this particular customer,1
CUS001262,11,$52.45,576.95,Two year,No,City_75,2022-03-05,APAC,1.0,free text note number 1262 about this particular customer,1
CUS001263,61,$58.44,3564.84,Month-to-month,Yes,City_20,2020-11-08,APAC,2.0,free text note number 1263 about this particular customer,1
CUS001264,36,$68.72,2473.92,Month-to-month,no,City_37,2021-09-01,APAC,4.0,free text note number 1264 about this particular customer,1
CUS001265,6,$98.67,,One year,No,City_44,2020-06-30,APAC,4.0,free text note number 1265 about this particular customer,1
CUS001266,14,$37.70,527.8,Month-to-month,Yes,City_38,2022-06-11,APAC,4.0,free text note number 1266 about this particular customer,1
CUS001267,20,$81.67,1633.4,One year,No,City_15,2021-11-29,APAC,4.0,free text note number 1267 about this particular customer,1
CUS001268,54,$85.25,4603.5,Month-to-month,No,City_52,2020-02-25,APAC,4.0,free text note number 1268 about this particular customer,1
CUS001269,55,$83.96,4617.8,Month-to-month,No,City_37,2020-04-08,APAC,4.0,free text note number 1269 about this particular customer,1
CUS001270,59,$81.66,4817.94,One year,No,City_31,2021-10-16,APAC,5.0,free text note number 1270 about this particular customer,0
CUS001271,44,$107.96,4750.24,Month-to-month,no,City_53,2022-04-05,APAC,4.0,free text note number 1271 about this particular customer,1
CUS001272,65,$82.20,5343.0,Two year,no,City_37,2022-08-03,APAC,4.0,free text note number 1272 about this particular customer,0
CUS001273,23,$91.42,2102.66,Month-to-month,No,City_6,2023-10-18,APAC,,free text note number 1273 about this particular customer,1
CUS001274,42,$84.09,3531.78,Month-to-month,Yes,City_79,2021-09-17,APAC,2.0,free text note number 1274 about this particular customer,1
CUS001275,45,$114.83,5167.35,Two year,Yes,City_20,2024-01-12,APAC,1.0,free text note number 1275 about this particular customer,0
CUS001276,27,$22.50,607.5,Month-to-month, Yes ,City_55,2023-12-05,APAC,4.0,free text note number 1276 about this particular customer,1
CUS001277,33,$102.05,3367.65,Month-to-month,No,City_70,2020-02-26,APAC,3.0,free text note number 1277 about this particular customer,1
CUS001278,51,$63.47,3236.97,Month-to-month,No,City_3,2020-11-05,APAC,,free text note number 1278 about this particular customer,1
CUS001279,62,$62.98,3904.76,N/A,Yes,City_3,2022-10-20,APAC,3.0,free text note number 1279 about this particular customer,0
CUS001280,66,$45.76,3020.16,Month-to-month,No,City_41,2020-08-03,APAC,4.0,free text note number 1280 about this particular customer,1
CUS001281,21,$23.28,488.88,One year,No,City_8,2020-08-02,APAC,4.0,free text note number 1281 about this particular customer,1
CUS001282,51,$60.45,,Two year,no,City_40,2023-06-18,APAC,2.0,free text note number 1282 about this particular customer,0
CUS001283,54,$52.82,2852.28,One year, Yes ,City_65,2023-07-17,APAC,1.0,free text note number 1283 about this particular customer,0
CUS001284,67,$82.35,5517.45,One year,No,City_66,2022-09-18,APAC,3.0,free text note number 1284 about this particular customer,0
CUS001285,46,$33.19,1526.74,Two year,No,City_54,2020-02-16,APAC,2.0,free text note number 1285 about this particular customer,1
CUS001286,15,$105.79,,Month-to-month,Yes,City_74,2023-01-20,APAC,2.0,free text note number 1286 about this particular customer,1
CUS001287,53,$76.80,4070.4,N/A,No,City_37,2020-06-03,APAC,3.0,free text note number 1287 about this particular customer,0
CUS001288,13,$63.80,,One year,No,City_46,2022-08-13,APAC,2.0,free text note number 1288 about this particular customer,1
CUS001289,27,$52.26,1411.02,Month-to-month, Yes ,City_68,2021-04-30,APAC,4.0,free text note number 1289 about this particular customer,1
CUS001290,35,$50.32,1761.2,Month-to-month,No,City_30,2024-01-19,APAC,4.0,free text note number 1290 about this particular customer,1
CUS001291,52,$41.75,2171.0,Month-to-month,No,City_16,2020-01-08,APAC,3.0,free text note number 1291 about this particular customer,0
CUS001292,12,$56.39,676.68,Month-to-month,no,City_76,2020-03-03,APAC,4.0,free text note number 1292 about this particular customer,1
CUS001293,50,$70.15,3507.5,One year,Yes,City_0,2022-09-20,APAC,2.0,free text note number 1293 about this particular customer,1
CUS001294,11,$65.57,721.27,One year,Yes,City_8,2020-03-19,APAC,4.0,free text note number 1294 about this particular customer,1
CUS001295,28,$34.64,969.92,Month-to-month,No,City_64,2020-11-04,APAC,5.0,free text note number 1295 about this particular customer,1
CUS001296,9,$63.35,570.15,Two year,Yes,City_51,2023-12-24,APAC,5.0,free text note number 1296 about this particular customer,1
CUS001297,2,$47.67,95.34,One year,Yes,City_51,2022-12-15,APAC,2.0,free text note number 1297 about this particular customer,1
CUS001298,24,$74.00,1776.0,Month-to-month,no,City_55,2020-12-29,APAC,3.0,free text note number 1298 about this particular customer,1
CUS001299,69,$116.62,8046.78,Month-to-month,No,City_26,2023-11-25,APAC,4.0,free text note number 1299 about this particular customer,1
CUS001300,40,$85.63,3425.2,Month-to-month,Yes,City_65,2023-04-12,APAC,4.0,free text note number 1300 about this particular customer,1
CUS001301,51,$62.17,3170.67,Two year,Yes,City_46,2021-12-06,APAC,3.0,free text note number 1301 about this particular customer,1
CUS001302,17,$29.38,499.46,One year,no,City_24,2020-06-27,APAC,5.0,free text note number 1302 about this particular customer,0
CUS001303,15,$34.63,519.45,Month-to-month,No,City_6,2021-12-06,APAC,5.0,free text note number 1303 about this particular customer,1
CUS001304,65,$27.83,1808.95,One year,No,City_26,2021-01-10,APAC,4.0,free text note number 1304 about this particular customer,0
CUS001305,52,$88.15,4583.8,N/A,no,City_25,2024-02-03,APAC,2.0,free text note number 1305 about this particular customer,1
CUS001306,35,$50.87,1780.45,One year,No,City_73,2022-05-27,APAC,,free text note number 1306 about this particular customer,0
CUS001307,20,$71.57,1431.4,Month-to-month, Yes ,City_45,2021-04-15,APAC,3.0,free text note number 1307 about this particular customer,1
CUS001308,62,$54.45,3375.9,Month-to-month,Yes,City_64,2022-07-28,APAC,3.0,free text note number 1308 about this particular customer,1
CUS001309,34,$72.28,2457.52,Month-to-month,no,City_67,2023-08-21,APAC,2.0,free text note number 1309 about this particular customer,1
CUS001310,4,$105.04,420.16,Two year,No,City_59,2020-09-28,APAC,,free text note number 1310 about this particular customer,1
CUS001311,62,$52.88,3278.56,Month-to-month,Yes,City_25,2022-12-05,APAC,4.0,free text note number 1311 about this particular customer,1
CUS001312,30,$61.48,1844.4,Month-to-month,No,City_16,2021-05-22,APAC,1.0,free text note number 1312 about this particular customer,1
CUS001313,32,$49.84,1594.88,One year,Yes,City_4,2020-01-14,APAC,2.0,free text note number 1313 about this particular customer,1
CUS001314,28,$91.86,2572.08,Month-to-month,Yes,City_21,2021-06-12,APAC,,free text note number 1314 about this particular customer,1
CUS001315,21,$44.36,931.56,Two year,Yes,City_7,2021-03-22,APAC,1.0,free text note number 1315 about this particular customer,1
CUS001316,43,$41.68,1792.24,Month-to-month,No,City_22,2020-12-29,APAC,4.0,free text note number 1316 about this particular customer,1
CUS001317,22,$35.31,776.82,Month-to-month,no,City_24,2022-12-17,APAC,4.0,free text note number 1317 about this particular customer,1
CUS001318,37,$34.79,1287.23,Month-to-month,Yes,City_19,2023-02-21,APAC,4.0,free text note number 1318 about this particular customer,1
CUS001319,6,$81.77,490.62,Month-to-month,No,City_50,2020-03-08,APAC,4.0,free text note number 1319 about this particular customer,1
CUS001320,60,$134.23,8053.8,Month-to-month,no,City_68,2023-01-10,APAC,3.0,free text note number 1320 about this particular customer,1
CUS001321,16,$45.12,,Month-to-month,No,City_56,2023-07-10,APAC,4.0,free text note number 1321 about this particular customer,1
CUS001322,43,$93.79,4032.97,One year,No,City_54,2022-04-29,APAC,5.0,free text note number 1322 about this particular customer,1
CUS001323,20,$76.28,1525.6,Month-to-month, Yes ,City_55,2023-09-30,APAC,4.0,free text note number 1323 about this particular customer,1
CUS001324,14,$42.45,594.3,One year,No,City_36,2021-08-14,APAC,4.0,free text note number 1324 about this particular customer,1
CUS001325,13,$63.08,820.04,Month-to-month,No,City_69,2023-02-13,APAC,4.0,free text note number 1325 about this particular customer,1
CUS001326,51,$64.18,3273.18,Month-to-month,No,City_59,2020-02-13,APAC,2.0,free text note number 1326 about this particular customer,1
CUS001327,5,$52.73,263.65,Two year,Yes,City_54,2023-05-01,APAC,3.0,free text note number 1327 about this particular customer,1
CUS001328,57,$118.27,6741.39,Two year,No,City_76,2023-01-21,APAC,4.0,free text note number 1328 about this particular customer,1
CUS001329,34,$22.35,759.9,One year,no,City_53,2022-06-15,APAC,4.0,free text note number 1329 about this particular customer,0
CUS001330,33,$79.53,2624.49,Two year,No,City_30,2021-03-02,APAC,2.0,free text note number 1330 about this particular customer,1
CUS001331,16,$78.29,1252.64,Month-to-month,no,City_47,2023-04-27,APAC,5.0,free text note number 1331 about this particular customer,1
CUS001332,26,$55.51,,Month-to-month,No,City_59,2021-07-23,APAC,3.0,free text note number 1332 about this particular customer,1
CUS001333,53,$73.74,3908.22,Month-to-month,No,City_53,2021-12-02,APAC,2.0,free text note number 1333 about this particular customer,0
CUS001334,64,$91.94,5884.16,Month-to-month,Yes,City_52,2022-11-08,APAC,2.0,free text note number 1334 about this particular customer,1
CUS001335,66,$73.82,4872.12,Two year,Yes,City_58,2021-09-04,APAC,,free text note number 1335 about this particular customer,0
CUS001336,45,$80.43,3619.35,Month-to-month,Yes,City_5,2020-08-19,APAC,4.0,free text note number 1336 about this particular customer,1
CUS001337,20,$87.32,,Month-to-month,Yes,City_78,2022-11-20,APAC,3.0,free text note number 1337 about this particular customer,1
CUS001338,6,$19.20,115.2,One year,Yes,City_78,2020-09-29,APAC,2.0,free text note number 1338 about this particular customer,1
CUS001339,41,$106.96,4385.36,Month-to-month,No,City_14,2021-11-28,APAC,5.0,free text note number 1339 about this particular customer,1
CUS001340,40,$126.96,5078.4,Two year,No,City_14,2022-04-06,APAC,2.0,free text note number 1340 about this particular customer,0
CUS001341,36,$94.52,3402.72,Month-to-month,no,City_51,2021-04-10,APAC,4.0,free text note number 1341 about this particular customer,1
CUS001342,38,$95.34,3622.92,Month-to-month,no,City_0,2021-09-06,APAC,4.0,free text note number 1342 about this particular customer,1
CUS001343,6,$34.79,208.74,Month-to-month,No,City_9,2021-02-01,APAC,,free text note number 1343 about this particular customer,1
CUS001344,28,$67.04,1877.12,Month-to-month,No,City_60,2022-10-15,APAC,4.0,free text note number 1344 about this particular customer,1
CUS001345,9,$49.70,447.3,One year,No,City_16,2021-10-17,APAC,2.0,free text note number 1345 about this particular customer,1
CUS001346,61,$55.32,3374.52,Month-to-month,No,City_14,2022-08-03,APAC,4.0,free text note number 1346 about this particular customer,1
CUS001347,63,$94.18,5933.34,Month-to-month,No,City_74,2021-07-27,APAC,,free text note number 1347 about this particular customer,1
CUS001348,59,$49.90,2944.1,One year,No,City_67,2023-04-19,APAC,3.0,free text note number 1348 about this particular customer,0
CUS001349,34,$66.75,2269.5,One year, Yes ,City_32,2023-02-05,APAC,1.0,free text note number 1349 about this particular customer,1
CUS001350,57,$22.29,1270.53,Month-to-month,no,City_60,2020-06-25,APAC,1.0,free text note number 1350 about this particular customer,0
CUS001351,58,$66.04,3830.32,Month-to-month,Yes,City_45,2023-03-22,APAC,5.0,free text note number 1351 about this particular customer,1
CUS001352,25,$72.25,1806.25,Month-to-month,No,City_20,2022-02-14,APAC,,free text note number 1352 about this particular customer,1
CUS001353,5,$52.38,261.9,Month-to-month,Yes,City_16,2023-04-12,APAC,3.0,free text note number 1353 about this particular customer,1
CUS001354,60,$52.00,3120.0,Month-to-month,No,City_44,2022-10-24,APAC,3.0,free text note number 1354 about this particular customer,1
CUS001355,43,$117.16,5037.88,N/A,no,City_40,2023-06-21,APAC,3.0,free text note number 1355 about this particular customer,1
CUS001356,32,$39.76,1272.32,Two year,No,City_35,2023-10-10,APAC,2.0,free text note number 1356 about this particular customer,1
CUS001357,62,$43.73,2711.26,Month-to-month,Yes,City_1,2021-06-27,APAC,3.0,free text note number 1357 about this particular customer,1
CUS001358,68,$49.77,3384.36,One year,No,City_45,2020-01-01,APAC,3.0,free text note number 1358 about this particular customer,0
CUS001359,62,$99.97,6198.14,One year,Yes,City_46,2021-07-08,APAC,4.0,free text note number 1359 about this particular customer,0
CUS001360,1,$122.54,122.54,Month-to-month,No,City_49,2023-02-02,APAC,2.0,free text note number 1360 about this particular customer,1
CUS001361,1,$78.30,78.3,Month-to-month,no,City_76,2023-06-11,APAC,,free text note number 1361 about this particular customer,1
CUS001362,35,$52.07,1822.45,Month-to-month,no,City_17,2022-10-02,APAC,4.0,free text note number 1362 about this particular customer,1
CUS001363,38,$59.31,2253.78,Month-to-month,No,City_54,2020-09-27,APAC,4.0,free text note number 1363 about this particular customer,1
CUS001364,17,$96.62,1642.54,Month-to-month,No,City_28,2020-03-08,APAC,5.0,free text note number 1364 about this particular customer,1
CUS001365,27,$47.22,1274.94,Two year,Yes,City_53,2022-11-18,APAC,1.0,free text note number 1365 about this particular customer,1
CUS001366,41,$106.32,4359.12,Month-to-month, Yes ,City_49,2023-05-13,APAC,4.0,free text note number 1366 about this particular customer,1
CUS001367,54,$105.41,5692.14,Month-to-month, Yes ,City_44,2022-02-26,APAC,3.0,free text note number 1367 about this particular customer,1
CUS001368,54,$71.76,3875.04,One year,Yes,City_30,2020-09-05,APAC,4.0,free text note number 1368 about this particular customer,1
CUS001369,6,$86.15,516.9,Month-to-month,No,City_25,2022-09-26,APAC,,free text note number 1369 about this particular customer,1
CUS001370,28,$88.74,2484.72,Month-to-month,no,City_52,2022-05-27,APAC,1.0,free text note number 1370 about this particular customer,1
CUS001371,19,$108.86,2068.34,Month-to-month,Yes,City_61,2022-11-11,APAC,2.0,free text note number 1371 about this particular customer,1
CUS001372,21,$43.71,917.91,Month-to-month,Yes,City_75,2020-01-08,APAC,3.0,free text note number 1372 about this particular customer,1
CUS001373,58,$99.53,5772.74,One year,Yes,City_31,2022-09-30,APAC,4.0,free text note number 1373 about this particular customer,1
CUS001374,31,$60.62,1879.22,Month-to-month,no,City_29,2023-12-01,APAC,5.0,free text note number 1374 about this particular customer,1
CUS001375,34,$50.81,1727.54,Month-to-month,Yes,City_26,2020-12-18,APAC,4.0,free text note number 1375 about this particular customer,1
CUS001376,70,$72.57,5079.9,One year,No,City_67,2023-09-09,APAC,4.0,free text note number 1376 about this particular customer,0
CUS001377,33,$64.64,2133.12,Month-to-month,no,City_43,2020-02-05,APAC,2.0,free text note number 1377 about this particular customer,1
CUS001378,54,$45.31,,Two year,Yes,City_27,2020-01-01,APAC,4.0,free text note number 1378 about this particular customer,0
CUS001379,69,$30.07,2074.83,Month-to-month,no,City_77,2023-11-29,APAC,3.0,free text note number 1379 about this particular customer,0
CUS001380,70,$46.45,3251.5,Month-to-month,No,City_67,2021-05-05,APAC,2.0,free text note number 1380 about this particular customer,1
CUS001381,23,$106.31,2445.13,Month-to-month,No,City_58,2023-09-08,APAC,,free text note number 1381 about this particular customer,1
CUS001382,29,$119.06,3452.74,Month-to-month,No,City_65,2022-03-15,APAC,5.0,free text note number 1382 about this particular customer,1
CUS001383,3,$86.25,258.75,One year,No,City_53,2022-01-27,APAC,4.0,free text note number 1383 about this particular customer,1
CUS001384,54,$99.65,5381.1,Month-to-month,no,City_17,2020-04-03,APAC,2.0,free text note number 1384 about this particular customer,1
CUS001385,28,$57.08,,Month-to-month,No,City_10,2022-09-18,APAC,4.0,free text note number 1385 about this particular customer,1
CUS001386,1,$68.07,68.07,One year,No,City_67,2021-08-30,APAC,3.0,free text note number 1386 about this particular customer,1
CUS001387,11,$77.07,847.77,Month-to-month,Yes,City_64,2020-05-16,APAC,4.0,free text note number 1387 about this particular customer,1
CUS001388,13,$42.97,558.61,Month-to-month,No,City_22,2021-09-07,APAC,1.0,free text note number 1388 about this particular customer,0
CUS001389,6,$45.25,271.5,Month-to-month, Yes ,City_33,2021-11-18,APAC,4.0,free text note number 1389 about this particular customer,1
CUS001390,5,$72.43,362.15,Month-to-month,no,City_46,2022-09-09,APAC,4.0,free text note number 1390 about this particular customer,1
CUS001391,41,$61.99,2541.59,Month-to-month,Yes,City_50,2022-05-31,APAC,,free text note number 1391 about this particular customer,1
CUS001392,17,$43.41,737.97,One year,No,City_53,2023-02-13,APAC,4.0,free text note number 1392 about this particular customer,1
CUS001393,68,$79.66,5416.88,One year,No,City_44,2022-11-15,APAC,5.0,free text note number 1393 about this particular customer,0
CUS001394,41,$63.42,2600.22,Two year,No,City_40,2023-08-07,APAC,2.0,free text note number 1394 about this particular customer,1
CUS001395,42,$95.53,4012.26,One year,Yes,City_62,2020-11-24,APAC,4.0,free text note number 1395 about this particular customer,0
CUS001396,38,$69.87,2655.06,Two year,Yes,City_0,2023-08-30,APAC,3.0,free text note number 1396 about this particular customer,1
CUS001397,46,$62.49,2874.54,One year,No,City_2,2020-05-18,APAC,,free text note number 1397 about this particular customer,1
CUS001398,56,$73.19,4098.64,Month-to-month,no,City_75,2020-05-30,APAC,,free text note number 1398 about this particular customer,1
CUS001399,23,$65.70,1511.1,Month-to-month,no,City_7,2023-12-12,APAC,2.0,free text note number 1399 about this particular customer,1
CUS001400,44,$53.30,2345.2,Month-to-month,No,City_11,2020-03-10,APAC,4.0,free text note number 1400 about this particular customer,1
CUS001401,41,$59.95,2457.95,Month-to-month,No,City_22,2023-06-26,APAC,1.0,free text note number 1401 about this particular customer,1
CUS001402,49,$88.74,4348.26,Month-to-month,Yes,City_38,2021-03-23,APAC,4.0,free text note number 1402 about this particular customer,1
CUS001403,54,$86.16,4652.64,One year,Yes,City_16,2020-09-24,APAC,,free text note number 1403 about this particular customer,1
CUS001404,55,$102.16,5618.8,One year,No,City_4,2020-08-09,APAC,2.0,free text note number 1404 about this particular customer,0
CUS001405,42,$27.68,1162.56,One year,Yes,City_54,2023-05-18,APAC,4.0,free text note number 1405 about this particular customer,0
CUS001406,6,$60.17,361.02,Month-to-month,No,City_58,2020-06-30,APAC,4.0,free text note number 1406 about this particular customer,1
CUS001407,57,$59.64,3399.48,Month-to-month,No,City_9,2023-05-03,APAC,,free text note number 1407 about this particular customer,1
CUS001408,69,$74.29,5126.01,Month-to-month,No,City_7,2021-03-28,APAC,3.0,free text note number 1408 about this particular customer,0
CUS001409,40,$58.70,,Two year,Yes,City_7,2020-09-29,APAC,5.0,free text note number 1409 about this particular customer,1
CUS001410,32,$57.17,,Month-to-month,no,City_18,2020-06-03,APAC,4.0,free text note number 1410 about this particular customer,1
CUS001411,15,$89.57,,Month-to-month, Yes ,City_42,2023-04-21,APAC,5.0,free text note number 1411 about this particular customer,1
CUS001412,33,$74.45,2456.85,One year,No,City_69,2021-03-05,APAC,5.0,free text note number 1412 about this particular customer,0
CUS001413,42,$40.84,1715.28,Month-to-month,Yes,City_5,2021-07-27,APAC,4.0,free text note number 1413 about this particular customer,1
CUS001414,56,$103.36,5788.16,Two year,No,City_9,2022-08-21,APAC,3.0,free text note number 1414 about this particular customer,1
CUS001415,35,$94.92,,Month-to-month, Yes ,City_63,2021-05-16,APAC,4.0,free text note number 1415 about this particular customer,1
CUS001416,13,$55.65,723.45,Month-to-month,No,City_35,2020-06-16,APAC,5.0,free text note number 1416 about this particular customer,1
CUS001417,12,$90.78,1089.36,Month-to-month,No,City_26,2020-08-28,APAC,5.0,free text note number 1417 about this particular customer,1
CUS001418,38,$51.62,1961.56,Month-to-month,no,City_67,2022-09-05,APAC,4.0,free text note number 1418 about this particular customer,1
CUS001419,44,$98.14,4318.16,One year, Yes ,City_24,2022-06-06,APAC,3.0,free text note number 1419 about this particular customer,1
CUS001420,63,$64.55,4066.65,Month-to-month,No,City_69,2022-10-12,APAC,1.0,free text note number 1420 about this particular customer,1
CUS001421,59,$49.93,,Month-to-month,Yes,City_47,2022-07-08,APAC,2.0,free text note number 1421 about this particular customer,1
CUS001422,42,$60.67,2548.14,One year,No,City_17,2020-04-01,APAC,4.0,free text note number 1422 about this particular customer,1
CUS001423,10,$50.85,508.5,Month-to-month, Yes ,City_78,2022-02-06,APAC,3.0,free text note number 1423 about this particular customer,1
CUS001424,59,$74.80,4413.2,Two year,Yes,City_69,2020-10-21,APAC,4.0,free text note number 1424 about this particular customer,0
CUS001425,39,$74.38,2900.82,One year,Yes,City_22,2020-05-29,APAC,4.0,free text note number 1425 about this particular customer,1
CUS001426,60,$70.90,4254.0,One year,Yes,City_50,2020-10-11,APAC,3.0,free text note number 1426 about this particular customer,0
CUS001427,53,$56.08,2972.24,Two year,Yes,City_18,2023-04-08,APAC,2.0,free text note number 1427 about this particular customer,0
CUS001428,23,$15.00,345.0,Two year,Yes,City_18,2021-09-09,APAC,5.0,free text note number 1428 about this particular customer,1
CUS001429,29,$72.32,2097.28,Month-to-month,no,City_29,2021-04-20,APAC,3.0,free text note number 1429 about this particular customer,1
CUS001430,30,$22.59,677.7,One year,No,City_26,2022-01-12,APAC,4.0,free text note number 1430 about this particular customer,1
CUS001431,20,$76.10,1522.0,Month-to-month,no,City_62,2021-01-31,APAC,2.0,free text note number 1431 about this particular customer,1
CUS001432,55,$98.27,5404.85,Month-to-month,No,City_22,2022-07-15,APAC,,free text note number 1432 about this particular customer,1
CUS001433,27,$76.85,2074.95,Month-to-month,No,City_74,2022-08-19,APAC,2.0,free text note number 1433 about this particular customer,1
CUS001434,50,$60.26,3013.0,Month-to-month,no,City_50,2022-07-26,APAC,4.0,free text note number 1434 about this particular customer,1
CUS001435,39,$65.50,2554.5,Month-to-month,Yes,City_12,2020-10-04,APAC,5.0,free text note number 1435 about this particular customer,1
CUS001436,30,$66.67,2000.1,Month-to-month,No,City_6,2021-09-13,APAC,2.0,free text note number 1436 about this particular customer,1
CUS001437,49,$56.27,2757.23,One year,No,City_2,2023-09-27,APAC,4.0,free text note number 1437 about this particular customer,0
CUS001438,13,$55.41,720.33,Month-to-month,No,City_73,2022-04-19,APAC,3.0,free text note number 1438 about this particular customer,1
CUS001439,40,$46.90,,Month-to-month,no,City_24,2022-08-30,APAC,,free text note number 1439 about this particular customer,1
CUS001440,11,$99.70,1096.7,Month-to-month,No,City_28,2023-06-22,APAC,2.0,free text note number 1440 about this particular customer,1
CUS001441,8,$69.61,556.88,Month-to-month,No,City_25,2023-03-29,APAC,2.0,free text note number 1441 about this particular customer,1
CUS001442,59,$93.91,5540.69,One year,Yes,City_59,2024-01-11,APAC,4.0,free text note number 1442 about this particular customer,0
CUS001443,59,$63.75,3761.25,Month-to-month,No,City_59,2021-05-25,APAC,4.0,free text note number 1443 about this particular customer,1
CUS001444,48,$71.80,3446.4,One year,no,City_58,2021-08-20,APAC,4.0,free text note number 1444 about this particular customer,1
CUS001445,66,$65.74,,Month-to-month,No,City_54,2021-10-04,APAC,2.0,free text note number 1445 about this particular customer,1
CUS001446,44,$81.57,3589.08,Month-to-month,no,City_62,2021-08-05,APAC,3.0,free text note number 1446 about this particular customer,1
CUS001447,8,$90.67,725.36,Two year,No,City_59,2021-01-12,APAC,1.0,free text note number 1447 about this particular customer,1
CUS001448,28,$75.99,2127.72,Month-to-month,No,City_15,2021-07-22,APAC,4.0,free text note number 1448 about this particular customer,1
CUS001449,18,$53.15,956.7,Month-to-month,No,City_31,2021-01-11,APAC,3.0,free text note number 1449 about this particular customer,1
CUS001450,52,$50.50,2626.0,Month-to-month,Yes,City_15,2023-04-26,APAC,,free text note number 1450 about this particular customer,1
CUS001451,13,$111.48,1449.24,Month-to-month,Yes,City_34,2021-09-14,APAC,3.0,free text note number 1451 about this particular customer,1
CUS001452,43,$63.00,2709.0,Month-to-month,Yes,City_59,2020-12-07,APAC,1.0,free text note number 1452 about this particular customer,1
CUS001453,61,$62.72,3825.92,Two year,No,City_75,2023-03-26,APAC,1.0,free text note number 1453 about this particular customer,0
CUS001454,14,$106.63,1492.82,Month-to-month,No,City_69,2023-01-28,APAC,3.0,free text note number 1454 about this particular customer,1
CUS001455,65,$97.20,6318.0,One year,no,City_3,2022-01-24,APAC,3.0,free text note number 1455 about this particular customer,0
CUS001456,50,$83.35,4167.5,Month-to-month,Yes,City_24,2020-07-14,APAC,,free text note number 1456 about this particular customer,1
CUS001457,4,$60.02,240.08,Two year,No,City_1,2023-06-03,APAC,5.0,free text note number 1457 about this particular customer,1
CUS001458,38,$128.83,4895.54,Month-to-month,Yes,City_33,2022-12-15,APAC,3.0,free text note number 1458 about this particular customer,1
CUS001459,24,$79.82,1915.68,Month-to-month,No,City_1,2020-06-16,APAC,3.0,free text note number 1459 about this particular customer,1
CUS001460,50,$83.67,4183.5,Month-to-month,No,City_64,2023-09-18,APAC,1.0,free text note number 1460 about this particular customer,1
CUS001461,14,$65.72,920.08,One year,Yes,City_65,2021-03-09,APAC,2.0,free text note number 1461 about this particular customer,1
CUS001462,35,$34.64,1212.4,Month-to-month,Yes,City_76,2022-06-20,APAC,4.0,free text note number 1462 about this particular customer,1
CUS001463,34,$36.63,1245.42,Month-to-month, Yes ,City_41,2020-02-24,APAC,1.0,free text note number 1463 about this particular customer,1
CUS001464,36,$80.17,2886.12,Month-to-month,No,City_19,2023-05-26,APAC,5.0,free text note number 1464 about this particular customer,1
CUS001465,66,$79.80,5266.8,One year, Yes ,City_55,2023-10-01,APAC,3.0,free text note number 1465 about this particular customer,0
CUS001466,67,$64.00,4288.0,Month-to-month,No,City_15,2023-04-20,APAC,4.0,free text note number 1466 about this particular customer,1
CUS001467,5,$40.71,203.55,Month-to-month,Yes,City_52,2020-04-04,APAC,4.0,free text note number 1467 about this particular customer,1
CUS001468,56,$33.96,1901.76,One year,no,City_50,2020-09-22,APAC,2.0,free text note number 1468 about this particular customer,0
CUS001469,13,$61.80,803.4,One year, Yes ,City_65,2022-03-24,APAC,5.0,free text note number 1469 about this particular customer,1
CUS001470,12,$33.60,403.2,Month-to-month,Yes,City_32,2020-03-05,APAC,5.0,free text note number 1470 about this particular customer,1
CUS001471,35,$92.47,3236.45,Month-to-month,no,City_42,2022-10-07,APAC,2.0,free text note number 1471 about this particular customer,1
CUS001472,70,$98.82,6917.4,Month-to-month,No,City_70,2023-07-13,APAC,,free text note number 1472 about this particular customer,0
CUS001473,38,$140.73,5347.74,Month-to-month, Yes ,City_26,2020-11-02,APAC,5.0,free text note number 1473 about this particular customer,1
CUS001474,42,$91.96,,Month-to-month, Yes ,City_68,2020-08-20,APAC,4.0,free text note number 1474 about this particular customer,1
CUS001475,53,$55.18,2924.54,Two year,No,City_8,2024-01-10,APAC,4.0,free text note number 1475 about this particular customer,0
CUS001476,34,$48.21,1639.14,Month-to-month, Yes ,City_73,2023-09-12,APAC,1.0,free text note number 1476 about this particular customer,1
CUS001477,32,$15.00,480.0,Two year,Yes,City_32,2024-01-11,APAC,2.0,free text note number 1477 about this particular customer,0
CUS001478,50,$55.13,2756.5,Month-to-month,No,City_27,2021-06-30,APAC,,free text note number 1478 about this particular customer,1
CUS001479,11,$65.58,721.38,Month-to-month,No,City_15,2020-12-23,APAC,5.0,free text note number 1479 about this particular customer,1
CUS001480,63,$94.20,5934.6,Month-to-month,Yes,City_36,2023-05-24,APAC,2.0,free text note number 1480 about this particular customer,1
CUS001481,26,$85.29,2217.54,Month-to-month,No,City_74,2020-07-28,APAC,4.0,free text note number 1481 about this particular customer,1
CUS001482,42,$84.71,3557.82,Two year,no,City_78,2021-03-24,APAC,3.0,free text note number 1482 about this particular customer,1
CUS001483,70,$75.34,5273.8,Two year,Yes,City_61,2022-09-01,APAC,2.0,free text note number 1483 about this particular customer,0
CUS001484,55,$86.52,4758.6,Two year,No,City_76,2020-06-28,APAC,5.0,free text note number 1484 about this particular customer,1
CUS001485,54,$106.19,5734.26,Month-to-month,No,City_22,2022-02-10,APAC,4.0,free text note number 1485 about this particular customer,1
CUS001486,58,$43.38,2516.04,Month-to-month,Yes,City_70,2020-08-11,APAC,1.0,free text note number 1486 about this particular customer,1
CUS001487,9,$58.57,527.13,One year,No,City_40,2022-06-25,APAC,4.0,free text note number 1487 about this particular customer,1
CUS001488,32,$35.29,,Two year,Yes,City_0,2020-05-30,APAC,1.0,free text note number 1488 about this particular customer,1
CUS001489,58,$110.47,6407.26,Month-to-month,No,City_37,2022-07-16,APAC,1.0,free text note number 1489 about this particular customer,1
CUS001490,19,$102.42,1945.98,Two year,No,City_78,2023-07-10,APAC,3.0,free text note number 1490 about this particular customer,1
CUS001491,23,$88.81,2042.63,Month-to-month,no,City_48,2023-12-05,APAC,1.0,free text note number 1491 about this particular customer,1
CUS001492,63,$40.04,2522.52,One year, Yes ,City_14,2021-08-13,APAC,4.0,free text note number 1492 about this particular customer,0
CUS001493,56,$74.32,4161.92,Month-to-month, Yes ,City_75,2023-02-26,APAC,4.0,free text note number 1493 about this particular customer,1
CUS001494,18,$64.13,1154.34,Two year,No,City_78,2024-01-10,APAC,3.0,free text note number 1494 about this particular customer,1
CUS001495,1,$72.02,72.02,Two year,Yes,City_22,2021-04-13,APAC,4.0,free text note number 1495 about this particular customer,1
CUS001496,35,$65.30,2285.5,Month-to-month,Yes,City_52,2021-08-14,APAC,1.0,free text note number 1496 about this particular customer,1
CUS001497,62,$83.00,5146.0,Month-to-month,no,City_49,2023-01-26,APAC,1.0,free text note number 1497 about this particular customer,1
CUS001498,39,$60.13,2345.07,Month-to-month,no,City_3,2021-05-16,APAC,3.0,free text note number 1498 about this particular customer,1
CUS001499,12,$91.36,1096.32,Month-to-month,no,City_40,2021-11-04,APAC,1.0,free text note number 1499 about this particular customer,1
CUS001500,35,$76.03,2661.05,Month-to-month,no,City_8,2020-04-21,APAC,5.0,free text note number 1500 about this particular customer,1
CUS001501,33,$62.67,2068.11,Month-to-month,No,City_76,2024-01-03,APAC,5.0,free text note number 1501 about this particular customer,1
CUS001502,43,$67.20,,Month-to-month,no,City_0,2022-03-24,APAC,1.0,free text note number 1502 about this particular customer,1
CUS001503,47,$58.99,2772.53,Month-to-month,No,City_17,2021-12-17,APAC,5.0,free text note number 1503 about this particular customer,1
CUS001504,18,$90.35,1626.3,Month-to-month,No,City_22,2021-06-20,APAC,4.0,free text note number 1504 about this particular customer,1
CUS001505,37,$63.21,2338.77,Two year,no,City_51,2020-01-17,APAC,,free text note number 1505 about this particular customer,1
CUS001506,35,$77.37,2707.95,Month-to-month,No,City_18,2023-07-27,APAC,5.0,free text note number 1506 about this particular customer,1
CUS001507,12,$60.19,722.28,N/A,no,City_7,2023-10-07,APAC,,free text note number 1507 about this particular customer,1
CUS001508,36,$32.87,1183.32,Month-to-month, Yes ,City_75,2023-03-17,APAC,5.0,free text note number 1508 about this particular customer,1
CUS001509,10,$92.65,926.5,Month-to-month,No,City_43,2021-02-19,APAC,5.0,free text note number 1509 about this particular customer,1
CUS001510,14,$43.55,609.7,Two year,no,City_15,2020-11-14,APAC,5.0,free text note number 1510 about this particular customer,1
CUS001511,21,$86.98,,Month-to-month,Yes,City_76,2023-05-17,APAC,,free text note number 1511 about this particular customer,1
CUS001512,69,$80.50,5554.5,Month-to-month,No,City_75,2021-08-14,APAC,1.0,free text note number 1512 about this particular customer,1
CUS001513,4,$28.60,114.4,Month-to-month,no,City_57,2022-07-06,APAC,5.0,free text note number 1513 about this particular customer,1
CUS001514,61,$46.38,2829.18,Two year, Yes ,City_11,2020-07-27,APAC,4.0,free text note number 1514 about this particular customer,0
CUS001515,16,$57.15,914.4,Month-to-month, Yes ,City_2,2023-01-21,APAC,3.0,free text note number 1515 about this particular customer,1
CUS001516,68,$49.48,3364.64,Month-to-month,no,City_1,2023-01-13,APAC,3.0,free text note number 1516 about this particular customer,0
CUS001517,10,$40.45,404.5,Month-to-month,no,City_78,2023-01-13,APAC,2.0,free text note number 1517 about this particular customer,1
CUS001518,44,$88.50,3894.0,Month-to-month,no,City_46,2021-10-02,APAC,3.0,free text note number 1518 about this particular customer,1
CUS001519,34,$64.01,2176.34,N/A,No,City_43,2023-09-20,APAC,4.0,free text note number 1519 about this particular customer,1
CUS001520,17,$79.64,1353.88,Month-to-month,Yes,City_56,2023-11-28,APAC,4.0,free text note number 1520 about this particular customer,1
CUS001521,26,$59.24,1540.24,One year,Yes,City_46,2023-06-03,APAC,,free text note number 1521 about this particular customer,0
CUS001522,29,$77.63,2251.27,Two year,no,City_45,2021-11-11,APAC,3.0,free text note number 1522 about this particular customer,0
CUS001523,42,$51.22,2151.24,Month-to-month,no,City_75,2022-08-25,APAC,2.0,free text note number 1523 about this particular customer,1
CUS001524,53,$69.34,3675.02,Month-to-month,no,City_79,2020-04-18,APAC,4.0,free text note number 1524 about this particular customer,1
CUS001525,20,$84.55,1691.0,Month-to-month,No,City_46,2021-05-04,APAC,,free text note number 1525 about this particular customer,1
CUS001526,28,$71.13,1991.64,Month-to-month,No,City_49,2024-02-02,APAC,3.0,free text note number 1526 about this particular customer,1
CUS001527,3,$58.57,175.71,Month-to-month,no,City_17,2022-01-10,APAC,3.0,free text note number 1527 about this particular customer,1
CUS001528,19,$42.83,813.77,Month-to-month,No,City_31,2020-12-13,APAC,1.0,free text note number 1528 about this particular customer,1
CUS001529,24,$74.19,1780.56,Month-to-month,No,City_34,2021-02-22,APAC,2.0,free text note number 1529 about this particular customer,1
CUS001530,58,$78.62,4559.96,One year,Yes,City_74,2020-01-16,APAC,,free text note number 1530 about this particular customer,1
CUS001531,54,$63.54,3431.16,Month-to-month,No,City_59,2021-05-20,APAC,,free text note number 1531 about this particular customer,1
CUS001532,55,$50.77,2792.35,Two year,No,City_53,2023-10-18,APAC,3.0,free text note number 1532 about this particular customer,0
CUS001533,19,$83.56,,Month-to-month,No,City_31,2021-11-21,APAC,5.0,free text note number 1533 about this particular customer,1
CUS001534,16,$132.04,2112.64,N/A,Yes,City_67,2023-09-10,APAC,2.0,free text note number 1534 about this particular customer,1
CUS001535,29,$62.44,1810.76,Month-to-month,Yes,City_13,2021-09-26,APAC,4.0,free text note number 1535 about this particular customer,1
CUS001536,31,$78.42,2431.02,Month-to-month,No,City_36,2020-08-09,APAC,,free text note number 1536 about this particular customer,1
CUS001537,54,$79.43,4289.22,Month-to-month,Yes,City_31,2021-03-10,APAC,3.0,free text note number 1537 about this particular customer,1
CUS001538,62,$15.00,930.0,One year,no,City_65,2020-08-31,APAC,4.0,free text note number 1538 about this particular customer,0
CUS001539,29,$73.10,2119.9,Two year,Yes,City_8,2021-04-01,APAC,4.0,free text note number 1539 about this particular customer,1
CUS001540,16,$52.34,837.44,Month-to-month,no,City_11,2021-04-11,APAC,2.0,free text note number 1540 about this particular customer,1
CUS001541,63,$104.62,6591.06,Two year,No,City_7,2021-04-12,APAC,3.0,free text note number 1541 about this particular customer,1
CUS001542,39,$63.65,2482.35,Month-to-month, Yes ,City_57,2020-06-16,APAC,4.0,free text note number 1542 about this particular customer,1
CUS001543,66,$50.56,3336.96,Month-to-month,Yes,City_9,2020-10-14,APAC,3.0,free text note number 1543 about this particular customer,1
CUS001544,28,$64.54,1807.12,Month-to-month,Yes,City_74,2020-02-01,APAC,2.0,free text note number 1544 about this particular customer,1
CUS001545,23,$74.16,1705.68,Two year,No,City_40,2022-05-24,APAC,2.0,free text note number 1545 about this particular customer,1
CUS001546,5,$56.00,280.0,Month-to-month,no,City_18,2021-11-10,APAC,5.0,free text note number 1546 about this particular customer,1
CUS001547,53,$68.68,3640.04,One year,No,City_25,2020-05-18,APAC,3.0,free text note number 1547 about this particular customer,1
CUS001548,36,$36.15,1301.4,Month-to-month,No,City_16,2023-12-29,APAC,4.0,free text note number 1548 about this particular customer,1
CUS001549,18,$64.37,1158.66,One year,No,City_14,2021-01-07,APAC,4.0,free text note number 1549 about this particular customer,1
CUS001550,32,$89.39,2860.48,Month-to-month,Yes,City_6,2023-10-13,APAC,3.0,free text note number 1550 about this particular customer,1
CUS001551,10,$119.23,1192.3,Month-to-month,No,City_59,2020-09-12,APAC,4.0,free text note number 1551 about this particular customer,1
CUS001552,69,$87.66,,One year,No,City_2,2023-01-16,APAC,3.0,free text note number 1552 about this particular customer,0
CUS001553,32,$76.80,2457.6,Month-to-month,No,City_48,2022-11-26,APAC,1.0,free text note number 1553 about this particular customer,1
CUS001554,22,$99.59,2190.98,Month-to-month,Yes,City_48,2022-08-31,APAC,4.0,free text note number 1554 about this particular customer,1
CUS001555,43,$95.48,4105.64,Two year, Yes ,City_65,2021-02-23,APAC,3.0,free text note number 1555 about this particular customer,0
CUS001556,57,$111.60,6361.2,Month-to-month,Yes,City_19,2021-06-28,APAC,4.0,free text note number 1556 about this particular customer,1
CUS001557,67,$97.07,6503.69,Month-to-month, Yes ,City_12,2020-05-29,APAC,,free text note number 1557 about this particular customer,1
CUS001558,49,$67.05,3285.45,Month-to-month,no,City_34,2022-09-14,APAC,1.0,free text note number 1558 about this particular customer,1
CUS001559,11,$76.46,841.06,Month-to-month,No,City_49,2023-05-16,APAC,4.0,free text note number 1559 about this particular customer,1
CUS001560,30,$74.48,2234.4,Month-to-month,no,City_18,2020-12-23,APAC,4.0,free text note number 1560 about this particular customer,1
CUS001561,51,$77.55,3955.05,Month-to-month,Yes,City_21,2021-10-18,APAC,3.0,free text note number 1561 about this particular customer,1
CUS001562,59,$75.01,,One year,No,City_59,2022-05-30,APAC,3.0,free text note number 1562 about this particular customer,1
CUS001563,34,$50.44,1714.96,Two year,No,City_39,2023-04-21,APAC,4.0,free text note number 1563 about this particular customer,1
CUS001564,61,$17.41,1062.01,One year,No,City_72,2022-02-04,APAC,4.0,free text note number 1564 about this particular customer,0
CUS001565,10,$53.21,532.1,Month-to-month,no,City_35,2021-04-26,APAC,3.0,free text note number 1565 about this particular customer,1
CUS001566,25,$19.35,483.75,Month-to-month,Yes,City_52,2022-08-29,APAC,4.0,free text note number 1566 about this particular customer,1
CUS001567,70,$71.70,5019.0,N/A,no,City_46,2021-06-03,APAC,4.0,free text note number 1567 about this particular customer,0
CUS001568,14,$70.11,981.54,Two year,Yes,City_12,2022-05-07,APAC,1.0,free text note number 1568 about this particular customer,1
CUS001569,50,$28.11,1405.5,One year,No,City_45,2022-04-18,APAC,3.0,free text note number 1569 about this particular customer,1
CUS001570,15,$87.20,1308.0,Month-to-month,Yes,City_60,2022-09-30,APAC,5.0,free text note number 1570 about this particular customer,1
CUS001571,10,$91.67,916.7,Month-to-month,No,City_73,2020-04-14,APAC,2.0,free text note number 1571 about this particular customer,1
CUS001572,12,$72.40,868.8,Two year, Yes ,City_4,2020-06-18,APAC,4.0,free text note number 1572 about this particular customer,1
CUS001573,65,$111.69,7259.85,Month-to-month,no,City_49,2024-01-05,APAC,4.0,free text note number 1573 about this particular customer,1
CUS001574,70,$116.79,8175.3,Month-to-month,Yes,City_44,2021-05-26,APAC,2.0,free text note number 1574 about this particular customer,1
CUS001575,8,$39.85,318.8,Two year,No,City_28,2020-07-19,APAC,2.0,free text note number 1575 about this particular customer,1
CUS001576,51,$95.92,4891.92,Month-to-month,No,City_24,2020-05-29,APAC,3.0,free text note number 1576 about this particular customer,1
CUS001577,7,$81.02,567.14,Two year,no,City_63,2023-10-01,APAC,4.0,free text note number 1577 about this particular customer,1
CUS001578,59,$80.46,4747.14,Month-to-month,Yes,City_35,2023-05-12,APAC,2.0,free text note number 1578 about this particular customer,1
CUS001579,24,$93.36,2240.64,Month-to-month,no,City_12,2022-09-16,APAC,5.0,free text note number 1579 about this particular customer,1
CUS001580,4,$52.02,208.08,Month-to-month,no,City_66,2023-01-14,APAC,4.0,free text note number 1580 about this particular customer,1
CUS001581,67,$55.19,3697.73,One year, Yes ,City_62,2023-02-20,APAC,5.0,free text note number 1581 about this particular customer,0
CUS001582,66,$49.33,,Month-to-month,Yes,City_53,2023-02-09,APAC,2.0,free text note number 1582 about this particular customer,1
CUS001583,3,$51.13,153.39,Two year,Yes,City_46,2020-11-10,APAC,4.0,free text note number 1583 about this particular customer,1
CUS001584,28,$67.54,1891.12,Month-to-month,no,City_65,2023-07-14,APAC,5.0,free text note number 1584 about this particular customer,1
CUS001585,66,$33.70,2224.2,Two year,No,City_20,2023-08-31,APAC,3.0,free text note number 1585 about this particular customer,0
CUS001586,25,$43.86,1096.5,Month-to-month,Yes,City_67,2020-11-28,APAC,4.0,free text note number 1586 about this particular customer,1
CUS001587,44,$84.44,3715.36,Month-to-month,Yes,City_60,2022-03-14,APAC,3.0,free text note number 1587 about this particular customer,1
CUS001588,62,$68.23,4230.26,Month-to-month,Yes,City_48,2020-01-25,APAC,4.0,free text note number 1588 about this particular customer,1
CUS001589,5,$79.57,397.85,One year,No,City_9,2021-09-12,APAC,4.0,free text note number 1589 about this particular customer,1
CUS001590,35,$22.77,796.95,Month-to-month,no,City_26,2022-05-08,APAC,5.0,free text note number 1590 about this particular customer,1
CUS001591,41,$50.40,2066.4,One year,No,City_2,2020-10-16,APAC,,free text note number 1591 about this particular customer,0
CUS001592,66,$56.11,3703.26,Month-to-month, Yes ,City_21,2022-09-26,APAC,5.0,free text note number 1592 about this particular customer,1
CUS001593,33,$70.81,2336.73,One year,No,City_21,2020-09-14,APAC,4.0,free text note number 1593 about this particular customer,1
CUS001594,60,$55.34,3320.4,Two year,No,City_41,2021-10-11,APAC,3.0,free text note number 1594 about this particular customer,0
CUS001595,41,$93.33,3826.53,Month-to-month,No,City_40,2023-07-18,APAC,4.0,free text note number 1595 about this particular customer,1
CUS001596,31,$68.54,2124.74,Month-to-month,No,City_61,2022-12-16,APAC,,free text note number 1596 about this particular customer,1
CUS001597,53,$70.43,3732.79,Two year,No,City_50,2023-12-25,APAC,,free text note number 1597 about this particular customer,1
CUS001598,61,$70.34,4290.74,Two year,no,City_40,2020-03-03,APAC,2.0,free text note number 1598 about this particular customer,1
CUS001599,49,$87.70,4297.3,Two year,No,City_25,2021-09-19,APAC,4.0,free text note number 1599 about this particular customer,1
CUS001600,44,$58.21,,Month-to-month,Yes,City_55,2023-08-03,APAC,1.0,free text note number 1600 about this particular customer,1
CUS001601,71,$98.06,6962.26,One year,No,City_46,2022-12-21,APAC,2.0,free text note number 1601 about this particular customer,0
CUS001602,43,$81.50,3504.5,N/A, Yes ,City_49,2023-03-26,APAC,3.0,free text note number 1602 about this particular customer,1
CUS001603,12,$73.85,886.2,Month-to-month,No,City_78,2022-11-13,APAC,1.0,free text note number 1603 about this particular customer,1
CUS001604,66,$71.04,,One year,Yes,City_4,2021-04-27,APAC,4.0,free text note number 1604 about this particular customer,0
CUS001605,58,$83.01,4814.58,Month-to-month,No,City_79,2022-01-10,APAC,3.0,free text note number 1605 about this particular customer,1
CUS001606,27,$95.38,2575.26,Month-to-month,No,City_74,2020-04-21,APAC,3.0,free text note number 1606 about this particular customer,1
CUS001607,30,$93.64,2809.2,Month-to-month,Yes,City_57,2021-12-21,APAC,5.0,free text note number 1607 about this particular customer,1
CUS001608,48,$79.40,,Month-to-month, Yes ,City_41,2022-07-31,APAC,3.0,free text note number 1608 about this particular customer,1
CUS001609,56,$91.92,5147.52,Month-to-month, Yes ,City_24,2022-04-09,APAC,2.0,free text note number 1609 about this particular customer,1
CUS001610,50,$72.96,3648.0,N/A,Yes,City_32,2020-04-01,APAC,3.0,free text note number 1610 about this particular customer,1
CUS001611,64,$101.31,6483.84,Month-to-month,No,City_38,2021-06-03,APAC,1.0,free text note number 1611 about this particular customer,1
CUS001612,6,$69.33,415.98,Two year,No,City_33,2020-01-25,APAC,4.0,free text note number 1612 about this particular customer,1
CUS001613,71,$18.12,1286.52,Two year,Yes,City_64,2023-01-23,APAC,4.0,free text note number 1613 about this particular customer,0
CUS001614,35,$103.45,,Two year,Yes,City_38,2020-03-31,APAC,3.0,free text note number 1614 about this particular customer,1
CUS001615,19,$72.70,,One year,Yes,City_70,2021-09-18,APAC,5.0,free text note number 1615 about this particular customer,1
CUS001616,16,$40.72,651.52,Month-to-month,No,City_69,2020-05-06,APAC,3.0,free text note number 1616 about this particular customer,1
CUS001617,33,$65.04,2146.32,Month-to-month,No,City_76,2022-01-26,APAC,2.0,free text note number 1617 about this particular customer,1
CUS001618,22,$47.90,1053.8,Month-to-month,No,City_65,2020-03-29,APAC,1.0,free text note number 1618 about this particular customer,1
CUS001619,67,$122.51,8208.17,Month-to-month,no,City_31,2020-09-29,APAC,2.0,free text note number 1619 about this particular customer,1
CUS001620,36,$82.44,2967.84,Month-to-month,No,City_26,2020-04-19,APAC,3.0,free text note number 1620 about this particular customer,1
CUS001621,68,$30.78,2093.04,Two year,No,City_27,2024-01-03,APAC,3.0,free text note number 1621 about this particular customer,0
CUS001622,48,$83.65,4015.2,N/A,Yes,City_46,2023-08-05,APAC,3.0,free text note number 1622 about this particular customer,1
CUS001623,27,$60.03,1620.81,One year,No,City_26,2020-04-26,APAC,1.0,free text note number 1623 about this particular customer,1
CUS001624,29,$117.92,3419.68,Month-to-month,No,City_60,2023-03-14,APAC,1.0,free text note number 1624 about this particular customer,1
CUS001625,67,$43.68,2926.56,Two year,no,City_62,2022-12-11,APAC,4.0,free text note number 1625 about this particular customer,0
CUS001626,47,$15.00,705.0,Two year,Yes,City_27,2021-11-12,APAC,3.0,free text note number 1626 about this particular customer,0
CUS001627,29,$71.65,,Month-to-month,Yes,City_76,2022-09-18,APAC,5.0,free text note number 1627 about this particular customer,1
CUS001628,54,$61.30,3310.2,Month-to-month,no,City_50,2021-06-17,APAC,5.0,free text note number 1628 about this particular customer,1
CUS001629,27,$59.59,,N/A,No,City_45,2021-05-31,APAC,3.0,free text note number 1629 about this particular customer,1
CUS001630,16,$16.47,263.52,Month-to-month,Yes,City_51,2023-03-15,APAC,3.0,free text note number 1630 about this particular customer,1
CUS001631,54,$80.67,,Two year,no,City_35,2024-01-04,APAC,5.0,free text note number 1631 about this particular customer,1
CUS001632,7,$111.83,782.81,Month-to-month,Yes,City_16,2021-07-07,APAC,2.0,free text note number 1632 about this particular customer,1
CUS001633,34,$22.27,757.18,Month-to-month,No,City_53,2020-02-24,APAC,5.0,free text note number 1633 about this particular customer,1
CUS001634,30,$99.28,2978.4,Month-to-month,No,City_21,2022-01-20,APAC,3.0,free text note number 1634 about this particular customer,1
CUS001635,32,$55.78,1784.96,Two year,no,City_33,2021-02-13,APAC,2.0,free text note number 1635 about this particular customer,0
CUS001636,16,$128.73,2059.68,Month-to-month,Yes,City_34,2023-05-11,APAC,3.0,free text note number 1636 about this particular customer,1
CUS001637,28,$80.90,2265.2,One year, Yes ,City_45,2021-05-21,APAC,4.0,free text note number 1637 about this particular customer,1
CUS001638,9,$65.30,587.7,Month-to-month, Yes ,City_71,2022-12-07,APAC,5.0,free text note number 1638 about this particular customer,1
CUS001639,31,$97.63,3026.53,One year, Yes ,City_15,2022-08-21,APAC,5.0,free text note number 1639 about this particular customer,1
CUS001640,53,$83.15,4406.95,Two year,no,City_53,2022-12-17,APAC,1.0,free text note number 1640 about this particular customer,0
CUS001641,10,$55.19,551.9,Two year,No,City_7,2022-06-04,APAC,2.0,free text note number 1641 about this particular customer,0
CUS001642,11,$87.76,965.36,Two year, Yes ,City_35,2020-04-22,APAC,3.0,free text note number 1642 about this particular customer,1
CUS001643,5,$57.23,286.15,Month-to-month,No,City_32,2022-12-03,APAC,1.0,free text note number 1643 about this particular customer,1
CUS001644,60,$25.29,1517.4,N/A,no,City_45,2021-07-02,APAC,3.0,free text note number 1644 about this particular customer,0
CUS001645,54,$120.79,6522.66,Month-to-month,No,City_21,2023-07-14,APAC,3.0,free text note number 1645 about this particular customer,1
CUS001646,4,$61.26,,Month-to-month,Yes,City_60,2022-01-03,APAC,4.0,free text note number 1646 about this particular customer,1
CUS001647,41,$54.77,2245.57,Month-to-month,no,City_12,2020-01-30,APAC,3.0,free text note number 1647 about this particular customer,1
CUS001648,34,$78.47,2667.98,One year,No,City_8,2021-07-04,APAC,2.0,free text note number 1648 about this particular customer,1
CUS001649,48,$31.01,1488.48,Month-to-month,Yes,City_77,2022-04-20,APAC,4.0,free text note number 1649 about this particular customer,1
CUS001650,27,$36.16,976.32,Month-to-month,No,City_35,2020-08-25,APAC,1.0,free text note number 1650 about this particular customer,1
CUS001651,57,$57.51,3278.07,One year,Yes,City_55,2021-08-24,APAC,1.0,free text note number 1651 about this particular customer,0
CUS001652,37,$57.01,2109.37,One year,No,City_33,2023-04-02,APAC,4.0,free text note number 1652 about this particular customer,0
CUS001653,17,$71.80,1220.6,Two year, Yes ,City_31,2022-10-30,APAC,2.0,free text note number 1653 about this particular customer,1
CUS001654,36,$98.06,3530.16,Month-to-month,No,City_10,2021-05-31,APAC,2.0,free text note number 1654 about this particular customer,1
CUS001655,17,$58.15,988.55,Month-to-month,No,City_79,2022-03-01,APAC,2.0,free text note number 1655 about this particular customer,1
CUS001656,36,$82.32,2963.52,Two year,no,City_27,2023-12-04,APAC,4.0,free text note number 1656 about this particular customer,1
CUS001657,20,$85.04,1700.8,Month-to-month,Yes,City_8,2021-06-06,APAC,2.0,free text note number 1657 about this particular customer,1
CUS001658,31,$42.90,1329.9,One year,Yes,City_74,2022-07-24,APAC,4.0,free text note number 1658 about this particular customer,1
CUS001659,22,$75.71,1665.62,Month-to-month,no,City_27,2020-01-11,APAC,4.0,free text note number 1659 about this particular customer,1
CUS001660,38,$46.43,1764.34,Month-to-month,Yes,City_12,2020-02-23,APAC,3.0,free text note number 1660 about this particular customer,1
CUS001661,55,$96.60,5313.0,One year,No,City_70,2021-04-11,APAC,,free text note number 1661 about this particular customer,1
CUS001662,49,$81.38,3987.62,One year,no,City_7,2022-03-09,APAC,5.0,free text note number 1662 about this particular customer,1
CUS001663,27,$70.41,1901.07,One year,No,City_77,2021-10-31,APAC,2.0,free text note number 1663 about this particular customer,1
CUS001664,36,$36.51,1314.36,Month-to-month,Yes,City_77,2020-01-12,APAC,2.0,free text note number 1664 about this particular customer,1
CUS001665,23,$72.90,1676.7,One year,Yes,City_63,2021-05-20,APAC,2.0,free text note number 1665 about this particular customer,1
CUS001666,23,$50.82,1168.86,Month-to-month,No,City_26,2022-04-06,APAC,4.0,free text note number 1666 about this particular customer,1
CUS001667,46,$87.65,4031.9,Month-to-month, Yes ,City_14,2021-07-22,APAC,2.0,free text note number 1667 about this particular customer,1
CUS001668,56,$67.02,3753.12,Month-to-month,No,City_3,2020-04-09,APAC,3.0,free text note number 1668 about this particular customer,1
CUS001669,14,$49.69,695.66,Month-to-month,No,City_45,2022-09-03,APAC,1.0,free text note number 1669 about this particular customer,1
CUS001670,19,$93.14,1769.66,Month-to-month,No,City_22,2020-11-16,APAC,5.0,free text note number 1670 about this particular customer,1
CUS001671,8,$88.04,704.32,Month-to-month,No,City_5,2021-05-18,APAC,4.0,free text note number 1671 about this particular customer,1
CUS001672,71,$55.17,3917.07,Month-to-month,No,City_59,2020-03-01,APAC,4.0,free text note number 1672 about this particular customer,0
CUS001673,50,$99.05,4952.5,Month-to-month,Yes,City_5,2023-06-30,APAC,4.0,free text note number 1673 about this particular customer,1
CUS001674,12,$62.54,750.48,Month-to-month,No,City_70,2020-01-28,APAC,3.0,free text note number 1674 about this particular customer,1
CUS001675,54,$62.27,3362.58,Two year,no,City_69,2021-06-26,APAC,2.0,free text note number 1675 about this particular customer,1
CUS001676,22,$73.10,1608.2,Two year,Yes,City_59,2022-01-11,APAC,1.0,free text note number 1676 about this particular customer,1
CUS001677,22,$51.18,1125.96,Month-to-month,No,City_0,2021-10-13,APAC,3.0,free text note number 1677 about this particular customer,1
CUS001678,35,$58.96,2063.6,Month-to-month,no,City_45,2020-12-28,APAC,,free text note number 1678 about this particular customer,1
CUS001679,46,$65.99,,Month-to-month,Yes,City_7,2021-10-12,APAC,1.0,free text note number 1679 about this particular customer,1
CUS001680,47,$108.26,5088.22,Month-to-month,no,City_19,2021-09-27,APAC,2.0,free text note number 1680 about this particular customer,1
CUS001681,3,$107.49,322.47,Month-to-month,Yes,City_8,2023-09-16,APAC,4.0,free text note number 1681 about this particular customer,1
CUS001682,53,$63.53,3367.09,Month-to-month, Yes ,City_12,2022-05-28,APAC,1.0,free text note number 1682 about this particular customer,1
CUS001683,29,$110.26,3197.54,Month-to-month,No,City_56,2022-06-26,APAC,3.0,free text note number 1683 about this particular customer,1
CUS001684,66,$68.92,4548.72,Month-to-month,No,City_64,2023-09-03,APAC,5.0,free text note number 1684 about this particular customer,1
CUS001685,42,$79.51,3339.42,One year, Yes ,City_50,2023-12-17,APAC,2.0,free text note number 1685 about this particular customer,1
CUS001686,67,$92.09,6170.03,Month-to-month,no,City_9,2023-08-08,APAC,3.0,free text note number 1686 about this particular customer,1
CUS001687,18,$77.30,1391.4,Two year,No,City_17,2020-01-07,APAC,3.0,free text note number 1687 about this particular customer,1
CUS001688,48,$130.38,6258.24,Two year,Yes,City_46,2021-03-12,APAC,2.0,free text note number 1688 about this particular customer,1
CUS001689,25,$76.08,1902.0,Month-to-month,No,City_32,2023-12-04,APAC,5.0,free text note number 1689 about this particular customer,1
CUS001690,61,$40.06,2443.66,One year,No,City_39,2020-11-03,APAC,,free text note number 1690 about this particular customer,0
CUS001691,44,$102.64,4516.16,Two year,Yes,City_76,2020-10-19,APAC,4.0,free text note number 1691 about this particular customer,1
CUS001692,54,$59.70,3223.8,Month-to-month,No,City_77,2022-03-04,APAC,3.0,free text note number 1692 about this particular customer,1
CUS001693,42,$62.39,,One year, Yes ,City_16,2023-09-08,APAC,2.0,free text note number 1693 about this particular customer,0
CUS001694,55,$15.00,825.0,Month-to-month,No,City_16,2020-08-15,APAC,4.0,free text note number 1694 about this particular customer,1
CUS001695,11,$95.02,1045.22,Month-to-month,Yes,City_5,2020-03-06,APAC,4.0,free text note number 1695 about this particular customer,1
CUS001696,17,$90.46,1537.82,Month-to-month,No,City_50,2020-01-30,APAC,5.0,free text note number 1696 about this particular customer,1
CUS001697,51,$89.98,4588.98,Month-to-month,No,City_51,2023-07-08,APAC,2.0,free text note number 1697 about this particular customer,1
CUS001698,14,$94.46,1322.44,One year, Yes ,City_69,2020-10-18,APAC,2.0,free text note number 1698 about this particular customer,1
CUS001699,6,$112.28,673.68,Month-to-month,No,City_8,2022-08-06,APAC,3.0,free text note number 1699 about this particular customer,1
CUS001700,40,$68.85,2754.0,Month-to-month,Yes,City_42,2022-10-12,APAC,3.0,free text note number 1700 about this particular customer,1
CUS001701,69,$93.44,6447.36,Two year,Yes,City_44,2022-10-25,APAC,5.0,free text note number 1701 about this particular customer,0
CUS001702,23,$51.40,1182.2,Month-to-month,Yes,City_41,2022-05-26,APAC,1.0,free text note number 1702 about this particular customer,1
CUS001703,15,$61.15,,Month-to-month, Yes ,City_20,2021-08-09,APAC,3.0,free text note number 1703 about this particular customer,1
CUS001704,52,$96.42,5013.84,Two year,No,City_0,2020-03-29,APAC,2.0,free text note number 1704 about this particular customer,0
CUS001705,19,$79.78,1515.82,One year,No,City_2,2021-08-05,APAC,5.0,free text note number 1705 about this particular customer,1
CUS001706,56,$36.66,2052.96,One year, Yes ,City_66,2022-09-15,APAC,4.0,free text note number 1706 about this particular customer,0
CUS001707,15,$79.03,1185.45,Month-to-month,Yes,City_52,2020-08-23,APAC,5.0,free text note number 1707 about this particular customer,1
CUS001708,14,$65.43,916.02,One year,No,City_69,2021-05-01,APAC,3.0,free text note number 1708 about this particular customer,1
CUS001709,71,$49.53,,Month-to-month, Yes ,City_60,2020-07-29,APAC,4.0,free text note number 1709 about this particular customer,1
CUS001710,43,$80.86,3476.98,Month-to-month, Yes ,City_75,2020-10-04,APAC,5.0,free text note number 1710 about this particular customer,1
CUS001711,21,$59.89,1257.69,Month-to-month,Yes,City_25,2022-07-25,APAC,1.0,free text note number 1711 about this particular customer,1
CUS001712,33,$30.74,1014.42,Month-to-month,No,City_26,2023-07-06,APAC,5.0,free text note number 1712 about this particular customer,1
CUS001713,43,$42.22,1815.46,Two year,Yes,City_12,2021-05-28,APAC,5.0,free text note number 1713 about this particular customer,1
CUS001714,4,$114.23,456.92,One year,No,City_17,2021-04-12,APAC,3.0,free text note number 1714 about this particular customer,1
CUS001715,71,$32.13,2281.23,Two year,Yes,City_78,2020-02-13,APAC,5.0,free text note number 1715 about this particular customer,0
CUS001716,34,$75.57,,N/A,Yes,City_12,2021-12-19,APAC,5.0,free text note number 1716 about this particular customer,1
CUS001717,68,$85.25,5797.0,Month-to-month,Yes,City_19,2020-09-11,APAC,2.0,free text note number 1717 about this particular customer,1
CUS001718,57,$85.98,4900.86,Month-to-month,Yes,City_67,2023-05-19,APAC,,free text note number 1718 about this particular customer,1
CUS001719,4,$39.36,,Month-to-month,no,City_19,2020-09-12,APAC,,free text note number 1719 about this particular customer,1
CUS001720,57,$61.96,3531.72,Month-to-month,Yes,City_14,2020-05-11,APAC,3.0,free text note number 1720 about this particular customer,1
CUS001721,38,$73.52,2793.76,Month-to-month,No,City_29,2020-10-16,APAC,,free text note number 1721 about this particular customer,1
CUS001722,63,$90.01,5670.63,Month-to-month,Yes,City_64,2022-08-28,APAC,4.0,free text note number 1722 about this particular customer,1
CUS001723,43,$53.88,2316.84,Month-to-month,No,City_19,2021-11-12,APAC,4.0,free text note number 1723 about this particular customer,1
CUS001724,20,$40.91,818.2,Two year,No,City_43,2022-03-21,APAC,5.0,free text note number 1724 about this particular customer,1
CUS001725,50,$95.06,4753.0,Month-to-month,No,City_19,2023-09-27,APAC,,free text note number 1725 about this particular customer,1
CUS001726,21,$97.63,2050.23,Two year,no,City_75,2020-10-13,APAC,3.0,free text note number 1726 about this particular customer,1
CUS001727,24,$79.25,1902.0,Month-to-month,Yes,City_73,2022-05-22,APAC,2.0,free text note number 1727 about this particular customer,1
CUS001728,42,$54.78,2300.76,Month-to-month,No,City_43,2022-01-11,APAC,5.0,free text note number 1728 about this particular customer,1
CUS001729,24,$80.17,1924.08,Two year,No,City_6,2023-01-15,APAC,3.0,free text note number 1729 about this particular customer,1
CUS001730,67,$72.73,4872.91,Month-to-month,Yes,City_69,2022-09-10,APAC,4.0,free text note number 1730 about this particular customer,1
CUS001731,1,$90.94,90.94,Month-to-month,Yes,City_66,2020-06-07,APAC,3.0,free text note number 1731 about this particular customer,1
CUS001732,28,$38.77,1085.56,Month-to-month, Yes ,City_37,2020-08-07,APAC,5.0,free text note number 1732 about this particular customer,1
CUS001733,3,$72.91,218.73,Month-to-month,Yes,City_42,2022-11-04,APAC,4.0,free text note number 1733 about this particular customer,1
CUS001734,52,$66.02,3433.04,Month-to-month,Yes,City_37,2020-02-07,APAC,4.0,free text note number 1734 about this particular customer,1
CUS001735,40,$42.26,1690.4,One year,no,City_2,2023-07-21,APAC,5.0,free text note number 1735 about this particular customer,0
CUS001736,11,$75.39,829.29,One year,Yes,City_29,2021-11-29,APAC,1.0,free text note number 1736 about this particular customer,1
CUS001737,6,$70.87,425.22,Month-to-month,Yes,City_12,2024-02-01,APAC,4.0,free text note number 1737 about this particular customer,1
CUS001738,53,$59.74,3166.22,Month-to-month,Yes,City_57,2020-09-07,APAC,4.0,free text note number 1738 about this particular customer,1
CUS001739,15,$79.90,1198.5,Month-to-month,no,City_52,2022-12-04,APAC,2.0,free text note number 1739 about this particular customer,1
CUS001740,60,$34.53,2071.8,Two year,Yes,City_49,2022-08-26,APAC,2.0,free text note number 1740 about this particular customer,0
CUS001741,24,$68.66,1647.84,Month-to-month, Yes ,City_44,2022-06-29,APAC,1.0,free text note number 1741 about this particular customer,1
CUS001742,39,$80.79,3150.81,Month-to-month,Yes,City_30,2021-01-10,APAC,3.0,free text note number 1742 about this particular customer,1
CUS001743,6,$77.10,462.6,One year,No,City_19,2023-12-14,APAC,5.0,free text note number 1743 about this particular customer,1
CUS001744,37,$96.91,3585.67,Month-to-month,no,City_1,2020-03-12,APAC,2.0,free text note number 1744 about this particular customer,1
CUS001745,3,$39.97,119.91,N/A,No,City_23,2020-07-12,APAC,5.0,free text note number 1745 about this particular customer,1
CUS001746,16,$32.30,516.8,Two year,No,City_36,2021-08-06,APAC,1.0,free text note number 1746 about this particular customer,1
CUS001747,66,$75.98,5014.68,N/A,No,City_74,2023-04-04,APAC,3.0,free text note number 1747 about this particular customer,0
CUS001748,70,$81.38,5696.6,One year,Yes,City_40,2022-05-15,APAC,2.0,free text note number 1748 about this particular customer,0
CUS001749,31,$123.00,3813.0,Month-to-month, Yes ,City_58,2022-12-15,APAC,,free text note number 1749 about this particular customer,1
CUS001750,65,$85.42,5552.3,Two year,No,City_36,2020-03-27,APAC,2.0,free text note number 1750 about this particular customer,0
CUS001751,15,$48.15,722.25,Month-to-month,No,City_52,2022-12-25,APAC,5.0,free text note number 1751 about this particular customer,1
CUS001752,42,$90.15,3786.3,Month-to-month,No,City_31,2022-07-05,APAC,4.0,free text note number 1752 about this particular customer,1
CUS001753,51,$48.86,2491.86,Month-to-month, Yes ,City_73,2021-06-16,APAC,3.0,free text note number 1753 about this particular customer,0
CUS001754,64,$32.85,2102.4,Month-to-month,Yes,City_8,2020-04-18,APAC,3.0,free text note number 1754 about this particular customer,0
CUS001755,1,$135.23,135.23,Month-to-month,Yes,City_18,2020-04-29,APAC,2.0,free text note number 1755 about this particular customer,1
CUS001756,43,$78.15,3360.45,Two year,no,City_62,2020-07-21,APAC,4.0,free text note number 1756 about this particular customer,1
CUS001757,18,$87.87,1581.66,One year,No,City_26,2020-07-31,APAC,4.0,free text note number 1757 about this particular customer,1
CUS001758,28,$84.09,,One year,No,City_48,2020-11-02,APAC,3.0,free text note number 1758 about this particular customer,1
CUS001759,69,$115.30,7955.7,One year,No,City_67,2022-10-12,APAC,5.0,free text note number 1759 about this particular customer,0
CUS001760,47,$77.10,3623.7,Month-to-month,no,City_70,2022-11-15,APAC,5.0,free text note number 1760 about this particular customer,1
CUS001761,64,$100.44,6428.16,Two year,no,City_35,2021-04-13,APAC,4.0,free text note number 1761 about this particular customer,1
CUS001762,14,$44.32,620.48,One year,no,City_22,2021-11-24,APAC,5.0,free text note number 1762 about this particular customer,1
CUS001763,46,$35.20,1619.2,Month-to-month,Yes,City_35,2023-11-24,APAC,3.0,free text note number 1763 about this particular customer,1
CUS001764,66,$105.66,6973.56,Month-to-month,no,City_14,2022-07-04,APAC,2.0,free text note number 1764 about this particular customer,1
CUS001765,7,$106.87,748.09,Month-to-month,Yes,City_64,2020-07-01,APAC,4.0,free text note number 1765 about this particular customer,1
CUS001766,62,$82.77,5131.74,Month-to-month,no,City_77,2021-07-01,APAC,3.0,free text note number 1766 about this particular customer,1
CUS001767,23,$75.65,1739.95,Month-to-month,Yes,City_79,2023-05-06,APAC,2.0,free text note number 1767 about this particular customer,1
CUS001768,30,$74.15,2224.5,Month-to-month,no,City_22,2022-10-16,APAC,4.0,free text note number 1768 about this particular customer,1
CUS001769,2,$52.80,105.6,Two year,No,City_71,2021-12-16,APAC,3.0,free text note number 1769 about this particular customer,1
CUS001770,60,$108.47,6508.2,Month-to-month,Yes,City_79,2020-07-31,APAC,4.0,free text note number 1770 about this particular customer,1
CUS001771,16,$86.47,1383.52,Month-to-month,no,City_61,2021-03-17,APAC,2.0,free text note number 1771 about this particular customer,1
CUS001772,71,$82.65,5868.15,Month-to-month,No,City_47,2020-10-20,APAC,2.0,free text note number 1772 about this particular customer,1
CUS001773,2,$79.40,158.8,One year,Yes,City_35,2021-01-17,APAC,1.0,free text note number 1773 about this particular customer,1
CUS001774,8,$96.20,769.6,One year,no,City_30,2020-12-22,APAC,,free text note number 1774 about this particular customer,1
CUS001775,9,$82.63,743.67,Month-to-month,No,City_56,2021-06-14,APAC,4.0,free text note number 1775 about this particular customer,1
CUS001776,49,$88.63,4342.87,Two year,No,City_23,2022-01-27,APAC,3.0,free text note number 1776 about this particular customer,0
CUS001777,45,$40.78,1835.1,Month-to-month, Yes ,City_18,2021-07-05,APAC,1.0,free text note number 1777 about this particular customer,1
CUS001778,15,$82.75,1241.25,Month-to-month,Yes,City_39,2020-02-24,APAC,3.0,free text note number 1778 about this particular customer,1
CUS001779,8,$124.68,997.44,One year,Yes,City_20,2020-12-05,APAC,5.0,free text note number 1779 about this particular customer,1
CUS001780,19,$57.04,1083.76,Month-to-month,no,City_10,2023-04-09,APAC,5.0,free text note number 1780 about this particular customer,1
CUS001781,12,$66.78,801.36,Two year,Yes,City_16,2020-11-24,APAC,2.0,free text note number 1781 about this particular customer,1
CUS001782,51,$92.30,,Month-to-month,no,City_73,2022-04-22,APAC,,free text note number 1782 about this particular customer,1
CUS001783,65,$93.93,6105.45,Month-to-month,Yes,City_54,2023-12-27,APAC,2.0,free text note number 1783 about this particular customer,1
CUS001784,31,$85.61,2653.91,One year,no,City_38,2024-02-05,APAC,1.0,free text note number 1784 about this particular customer,1
CUS001785,24,$29.56,709.44,Two year,No,City_75,2021-09-24,APAC,2.0,free text note number 1785 about this particular customer,1
CUS001786,38,$82.54,3136.52,Two year,No,City_42,2022-03-03,APAC,1.0,free text note number 1786 about this particular customer,1
CUS001787,24,$40.41,969.84,Month-to-month,No,City_60,2022-07-23,APAC,2.0,free text note number 1787 about this particular customer,1
CUS001788,13,$49.38,641.94,Month-to-month,No,City_10,2021-01-02,APAC,5.0,free text note number 1788 about this particular customer,1
CUS001789,7,$83.70,585.9,Month-to-month,No,City_21,2022-11-19,APAC,3.0,free text note number 1789 about this particular customer,1
CUS001790,47,$62.60,2942.2,One year,No,City_2,2022-10-30,APAC,5.0,free text note number 1790 about this particular customer,0
CUS001791,57,$90.24,5143.68,Month-to-month,Yes,City_52,2021-05-12,APAC,1.0,free text note number 1791 about this particular customer,1
CUS001792,37,$148.70,5501.9,Two year, Yes ,City_65,2020-11-17,APAC,4.0,free text note number 1792 about this particular customer,1
CUS001793,49,$89.43,4382.07,One year,no,City_28,2023-11-03,APAC,2.0,free text note number 1793 about this particular customer,0
CUS001794,9,$88.07,792.63,Month-to-month,Yes,City_32,2020-11-16,APAC,3.0,free text note number 1794 about this particular customer,1
CUS001795,39,$47.61,1856.79,Month-to-month,Yes,City_65,2021-03-16,APAC,,free text note number 1795 about this particular customer,1
CUS001796,48,$53.93,2588.64,Month-to-month,No,City_3,2023-01-26,APAC,4.0,free text note number 1796 about this particular customer,1
CUS001797,44,$43.41,1910.04,Two year,no,City_38,2020-10-14,APAC,4.0,free text note number 1797 about this particular customer,1
CUS001798,2,$56.69,113.38,Month-to-month,No,City_32,2020-07-18,APAC,4.0,free text note number 1798 about this particular customer,1
CUS001799,8,$42.71,341.68,One year,No,City_19,2020-03-07,APAC,3.0,free text note number 1799 about this particular customer,1
CUS000000,68,$67.22,4570.96,Month-to-month, Yes ,City_55,2021-06-08,APAC,1.0,free text note number 0 about this particular customer,1
CUS000001,45,$81.51,3667.95,Month-to-month,No,City_61,2021-03-11,APAC,4.0,free text note number 1 about this particular customer,1
CUS000002,49,$88.60,4341.4,Two year, Yes ,City_27,2023-02-03,APAC,4.0,free text note number 2 about this particular customer,1
CUS000003,64,$59.07,3780.48,Two year,Yes,City_15,2020-05-08,APAC,4.0,free text note number 3 about this particular customer,0
CUS000004,42,$77.68,3262.56,Month-to-month,Yes,City_24,2020-05-01,APAC,3.0,free text note number 4 about this particular customer,1
CUS000005,56,$63.05,inf,Month-to-month,Yes,City_56,2021-06-25,APAC,5.0,free text note number 5 about this particular customer,1
CUS000006,60,$73.01,4380.6,Month-to-month,No,City_35,2020-07-04,APAC,4.0,free text note number 6 about this particular customer,1
CUS000007,16,$66.70,1067.2,Two year,No,City_60,2021-05-24,APAC,3.0,free text note number 7 about this particular customer,1
CUS000008,4,$41.46,165.84,Month-to-month,no,City_12,2023-04-04,APAC,2.0,free text note number 8 about this particular customer,1
CUS000009,22,$69.47,1528.34,One year,No,City_8,2021-11-18,APAC,1.0,free text note number 9 about this particular customer,1
CUS000010,21,$91.93,1930.53,Month-to-month,No,City_49,2022-10-01,APAC,4.0,free text note number 10 about this particular customer,1
CUS000011,63,$45.82,2886.66,Month-to-month,No,City_45,2022-09-13,APAC,3.0,free text note number 11 about this particular customer,1
CUS000012,65,$63.97,4158.05,Month-to-month,No,City_46,2022-03-30,APAC,5.0,free text note number 12 about this particular customer,1
CUS000013,1,$86.62,86.62,One year,No,City_47,2023-10-24,APAC,3.0,free text note number 13 about this particular customer,1
CUS000014,36,$43.25,1557.0,Month-to-month,No,City_53,2022-09-09,APAC,3.0,free text note number 14 about this particular customer,1
CUS000015,59,$74.57,4399.63,Two year,No,City_77,2023-05-11,APAC,5.0,free text note number 15 about this particular customer,0
CUS000016,10,$43.50,435.0,One year,no,City_25,2023-11-23,APAC,3.0,free text note number 16 about this particular customer,1
CUS000017,57,$98.37,5607.09,Month-to-month, Yes ,City_23,2022-05-10,APAC,,free text note number 17 about this particular customer,1
CUS000018,9,$127.82,1150.38,Month-to-month,No,City_20,2021-03-27,APAC,4.0,free text note number 18 about this particular customer,1
CUS000019,34,$120.56,4099.04,One year,Yes,City_36,2021-06-26,APAC,,free text note number 19 about this particular customer,1
CUS000020,58,$64.52,3742.16,One year,no,City_39,2020-01-13,APAC,2.0,free text note number 20 about this particular customer,0
CUS000021,22,$88.50,1947.0,N/A,No,City_74,2020-09-12,APAC,1.0,free text note number 21 about this particular customer,1
CUS000022,25,$73.02,1825.5,Month-to-month, Yes ,City_13,2020-12-19,APAC,1.0,free text note number 22 about this particular customer,1
CUS000023,20,$72.55,1451.0,Month-to-month,no,City_10,2022-06-05,APAC,5.0,free text note number 23 about this particular customer,1
CUS000024,52,$108.69,5651.88,Two year,No,City_65,2020-05-01,APAC,3.0,free text note number 24 about this particular customer,1
CUS000025,19,$37.02,703.38,Month-to-month,no,City_71,2020-04-05,APAC,4.0,free text note number 25 about this particular customer,1
CUS000026,71,$96.38,6842.98,Two year,No,City_3,2020-06-16,APAC,4.0,free text note number 26 about this particular customer,0
CUS000027,32,$68.78,2200.96,One year,no,City_29,2020-03-21,APAC,,free text note number 27 about this particular customer,0
CUS000028,34,$105.21,3577.14,One year,no,City_45,2023-08-03,APAC,5.0,free text note number 28 about this particular customer,1
CUS000029,36,$74.68,2688.48,Month-to-month,No,City_27,2022-08-21,APAC,3.0,free text note number 29 about this particular customer,1
CUS000030,42,$53.18,2233.56,One year, Yes ,City_12,2022-07-21,APAC,2.0,free text note number 30 about this particular customer,0
CUS000031,40,$76.93,3077.2,Month-to-month,No,City_79,2020-09-03,APAC,3.0,free text note number 31 about this particular customer,1
CUS000032,37,$88.40,3270.8,One year,No,City_10,2022-03-30,APAC,3.0,free text note number 32 about this particular customer,0
CUS000033,71,$70.89,5033.19,Month-to-month,No,City_31,2023-06-26,APAC,3.0,free text note number 33 about this particular customer,1
CUS000034,58,$82.20,4767.6,Month-to-month,No,City_50,2021-03-03,APAC,4.0,free text note number 34 about this particular customer,1
CUS000035,57,$56.96,,Two year,no,City_19,2022-10-01,APAC,5.0,free text note number 35 about this particular customer,0
CUS000036,50,$16.65,832.5,Month-to-month,No,City_58,2021-11-26,APAC,5.0,free text note number 36 about this particular customer,1
CUS000037,45,$92.50,4162.5,Two year,no,City_16,2022-02-25,APAC,2.0,free text note number 37 about this particular customer,0
CUS000038,25,$87.48,2187.0,Two year,no,City_76,2022-11-09,APAC,2.0,free text note number 38 about this particular customer,1
CUS000039,71,$73.70,5232.7,One year,No,City_55,2023-11-05,APAC,4.0,free text note number 39 about this particular customer,0
